target,method,seed,subset,baseline,r2
physionet_b,dro,42,full,source_train_mean,-0.0020739678873256118
physionet_b,dro,42,full,target_median_oracle,-0.020030829369237946
physionet_b,dro,42,le336,source_train_mean,-0.0020739678873256118
physionet_b,dro,42,le336,target_median_oracle,-0.020030829369237946
physionet_b,dro,42,full,affine_recalibrated_oracle_halfsplit,0.25396806098984137
mimic,dro,42,full,source_train_mean,-0.17887780712360968
mimic,dro,42,full,target_median_oracle,-0.10691689378604141
mimic,dro,42,le336,source_train_mean,-0.28779660063241264
mimic,dro,42,le336,target_median_oracle,-0.14989221179065737
mimic,dro,42,full,affine_recalibrated_oracle_halfsplit,0.11633172151150695
eicu,dro,42,full,source_train_mean,-0.16986506175338056
eicu,dro,42,full,target_median_oracle,-0.10683842002511268
eicu,dro,42,le336,source_train_mean,-0.2535524665588389
eicu,dro,42,le336,target_median_oracle,-0.1443602194804119
eicu,dro,42,full,affine_recalibrated_oracle_halfsplit,0.07319868380807881
physionet_b,dro,43,full,source_train_mean,-0.0018525307281707093
physionet_b,dro,43,full,target_median_oracle,-0.020030829369237946
physionet_b,dro,43,le336,source_train_mean,-0.0018525307281707093
physionet_b,dro,43,le336,target_median_oracle,-0.020030829369237946
physionet_b,dro,43,full,affine_recalibrated_oracle_halfsplit,0.254199191488883
mimic,dro,43,full,source_train_mean,-0.1792306538197943
mimic,dro,43,full,target_median_oracle,-0.10691689378604141
mimic,dro,43,le336,source_train_mean,-0.2887805868941
mimic,dro,43,le336,target_median_oracle,-0.14989221179065737
mimic,dro,43,full,affine_recalibrated_oracle_halfsplit,0.12042130642406952
eicu,dro,43,full,source_train_mean,-0.17030904402397296
eicu,dro,43,full,target_median_oracle,-0.10683842002511268
eicu,dro,43,le336,source_train_mean,-0.2545485705111248
eicu,dro,43,le336,target_median_oracle,-0.1443602194804119
eicu,dro,43,full,affine_recalibrated_oracle_halfsplit,0.0673059010416684
physionet_b,dro,44,full,source_train_mean,-0.0017519785424209289
physionet_b,dro,44,full,target_median_oracle,-0.020030829369237946
physionet_b,dro,44,le336,source_train_mean,-0.0017519785424209289
physionet_b,dro,44,le336,target_median_oracle,-0.020030829369237946
physionet_b,dro,44,full,affine_recalibrated_oracle_halfsplit,0.24465680481352248
mimic,dro,44,full,source_train_mean,-0.1793979520432727
mimic,dro,44,full,target_median_oracle,-0.10691689378604141
mimic,dro,44,le336,source_train_mean,-0.28924738051880383
mimic,dro,44,le336,target_median_oracle,-0.14989221179065737
mimic,dro,44,full,affine_recalibrated_oracle_halfsplit,0.14801515046457484
eicu,dro,44,full,source_train_mean,-0.17051960271833866
eicu,dro,44,full,target_median_oracle,-0.10683842002511268
eicu,dro,44,le336,source_train_mean,-0.25502120093371183
eicu,dro,44,le336,target_median_oracle,-0.1443602194804119
eicu,dro,44,full,affine_recalibrated_oracle_halfsplit,0.07158815328250037
physionet_b,erm,42,full,source_train_mean,-0.0020739678873256118
physionet_b,erm,42,full,target_median_oracle,-0.020030829369237946
physionet_b,erm,42,le336,source_train_mean,-0.0020739678873256118
physionet_b,erm,42,le336,target_median_oracle,-0.020030829369237946
physionet_b,erm,42,full,affine_recalibrated_oracle_halfsplit,0.2553213170311246
mimic,erm,42,full,source_train_mean,-0.17887780712360968
mimic,erm,42,full,target_median_oracle,-0.10691689378604141
mimic,erm,42,le336,source_train_mean,-0.28779660063241264
mimic,erm,42,le336,target_median_oracle,-0.14989221179065737
mimic,erm,42,full,affine_recalibrated_oracle_halfsplit,0.12316126652835772
eicu,erm,42,full,source_train_mean,-0.16986506175338056
eicu,erm,42,full,target_median_oracle,-0.10683842002511268
eicu,erm,42,le336,source_train_mean,-0.2535524665588389
eicu,erm,42,le336,target_median_oracle,-0.1443602194804119
eicu,erm,42,full,affine_recalibrated_oracle_halfsplit,0.07133589923291815
physionet_b,erm,43,full,source_train_mean,-0.0018525307281707093
physionet_b,erm,43,full,target_median_oracle,-0.020030829369237946
physionet_b,erm,43,le336,source_train_mean,-0.0018525307281707093
physionet_b,erm,43,le336,target_median_oracle,-0.020030829369237946
physionet_b,erm,43,full,affine_recalibrated_oracle_halfsplit,0.25176650009027834
mimic,erm,43,full,source_train_mean,-0.1792306538197943
mimic,erm,43,full,target_median_oracle,-0.10691689378604141
mimic,erm,43,le336,source_train_mean,-0.2887805868941
mimic,erm,43,le336,target_median_oracle,-0.14989221179065737
mimic,erm,43,full,affine_recalibrated_oracle_halfsplit,0.14981055750500918
eicu,erm,43,full,source_train_mean,-0.17030904402397296
eicu,erm,43,full,target_median_oracle,-0.10683842002511268
eicu,erm,43,le336,source_train_mean,-0.2545485705111248
eicu,erm,43,le336,target_median_oracle,-0.1443602194804119
eicu,erm,43,full,affine_recalibrated_oracle_halfsplit,0.10999315922363584
physionet_b,erm,44,full,source_train_mean,-0.0017519785424209289
physionet_b,erm,44,full,target_median_oracle,-0.020030829369237946
physionet_b,erm,44,le336,source_train_mean,-0.0017519785424209289
physionet_b,erm,44,le336,target_median_oracle,-0.020030829369237946
physionet_b,erm,44,full,affine_recalibrated_oracle_halfsplit,0.24749358996059043
mimic,erm,44,full,source_train_mean,-0.1793979520432727
mimic,erm,44,full,target_median_oracle,-0.10691689378604141
mimic,erm,44,le336,source_train_mean,-0.28924738051880383
mimic,erm,44,le336,target_median_oracle,-0.14989221179065737
mimic,erm,44,full,affine_recalibrated_oracle_halfsplit,0.1292253432473713
eicu,erm,44,full,source_train_mean,-0.17051960271833866
eicu,erm,44,full,target_median_oracle,-0.10683842002511268
eicu,erm,44,le336,source_train_mean,-0.25502120093371183
eicu,erm,44,le336,target_median_oracle,-0.1443602194804119
eicu,erm,44,full,affine_recalibrated_oracle_halfsplit,0.06866304384051479
physionet_b,pcl,42,full,source_train_mean,-0.0020739678873256118
physionet_b,pcl,42,full,target_median_oracle,-0.020030829369237946
physionet_b,pcl,42,le336,source_train_mean,-0.0020739678873256118
physionet_b,pcl,42,le336,target_median_oracle,-0.020030829369237946
physionet_b,pcl,42,full,affine_recalibrated_oracle_halfsplit,0.25520591242119756
mimic,pcl,42,full,source_train_mean,-0.17887780712360968
mimic,pcl,42,full,target_median_oracle,-0.10691689378604141
mimic,pcl,42,le336,source_train_mean,-0.28779660063241264
mimic,pcl,42,le336,target_median_oracle,-0.14989221179065737
mimic,pcl,42,full,affine_recalibrated_oracle_halfsplit,0.15925632024470762
eicu,pcl,42,full,source_train_mean,-0.16986506175338056
eicu,pcl,42,full,target_median_oracle,-0.10683842002511268
eicu,pcl,42,le336,source_train_mean,-0.2535524665588389
eicu,pcl,42,le336,target_median_oracle,-0.1443602194804119
eicu,pcl,42,full,affine_recalibrated_oracle_halfsplit,0.0886489069992612
physionet_b,pcl,43,full,source_train_mean,-0.0018525307281707093
physionet_b,pcl,43,full,target_median_oracle,-0.020030829369237946
physionet_b,pcl,43,le336,source_train_mean,-0.0018525307281707093
physionet_b,pcl,43,le336,target_median_oracle,-0.020030829369237946
physionet_b,pcl,43,full,affine_recalibrated_oracle_halfsplit,0.24533135490580565
mimic,pcl,43,full,source_train_mean,-0.1792306538197943
mimic,pcl,43,full,target_median_oracle,-0.10691689378604141
mimic,pcl,43,le336,source_train_mean,-0.2887805868941
mimic,pcl,43,le336,target_median_oracle,-0.14989221179065737
mimic,pcl,43,full,affine_recalibrated_oracle_halfsplit,0.14247115171236194
eicu,pcl,43,full,source_train_mean,-0.17030904402397296
eicu,pcl,43,full,target_median_oracle,-0.10683842002511268
eicu,pcl,43,le336,source_train_mean,-0.2545485705111248
eicu,pcl,43,le336,target_median_oracle,-0.1443602194804119
eicu,pcl,43,full,affine_recalibrated_oracle_halfsplit,0.12131652835273865
physionet_b,pcl,44,full,source_train_mean,-0.0017519785424209289
physionet_b,pcl,44,full,target_median_oracle,-0.020030829369237946
physionet_b,pcl,44,le336,source_train_mean,-0.0017519785424209289
physionet_b,pcl,44,le336,target_median_oracle,-0.020030829369237946
physionet_b,pcl,44,full,affine_recalibrated_oracle_halfsplit,0.24412152717027666
mimic,pcl,44,full,source_train_mean,-0.1793979520432727
mimic,pcl,44,full,target_median_oracle,-0.10691689378604141
mimic,pcl,44,le336,source_train_mean,-0.28924738051880383
mimic,pcl,44,le336,target_median_oracle,-0.14989221179065737
mimic,pcl,44,full,affine_recalibrated_oracle_halfsplit,0.12355155076458342
eicu,pcl,44,full,source_train_mean,-0.17051960271833866
eicu,pcl,44,full,target_median_oracle,-0.10683842002511268
eicu,pcl,44,le336,source_train_mean,-0.25502120093371183
eicu,pcl,44,le336,target_median_oracle,-0.1443602194804119
eicu,pcl,44,full,affine_recalibrated_oracle_halfsplit,0.038721676341909775
