target,method,seed,decile,n,mean_signed_error_h,mae_h,true_mean_h,pred_mean_h
physionet_b,dro,42,0,1464,2.1535608976916536,2.19187998250534,25.35792349726776,27.511484146118164
physionet_b,dro,42,1,1335,1.158857036976332,1.4114238653290139,30.790262172284645,31.949119567871094
physionet_b,dro,42,2,1427,0.42249462098280033,1.112524198332949,36.289418360196215,36.711910247802734
physionet_b,dro,42,3,1360,0.11742129606359145,1.0028192968929515,38.50955882352941,38.62697982788086
physionet_b,dro,42,4,1882,2.3805858235050086,2.6384206887386052,40.97183846971307,43.35242462158203
physionet_b,dro,42,5,1697,3.865721006286657,4.122050171258103,43.95462581025339,47.820343017578125
physionet_b,dro,42,6,1497,2.9530711304607915,3.4036336935753018,46.985971943887776,49.93904495239258
physionet_b,dro,42,7,1140,0.4509911721212822,2.7347165492543004,49.95789473684211,50.40888595581055
physionet_b,dro,42,8,1591,-3.2770749349252446,4.3083368369725275,53.94217473287241,50.66510009765625
physionet_b,dro,42,9,1386,-36.427316899595496,36.55911215249594,87.72222222222223,51.29490280151367
mimic,dro,42,0,1774,16.962499551110053,17.01658323977266,25.96764421270199,42.930145263671875
mimic,dro,42,1,2211,13.84197143411677,14.105508710724234,31.153786245539973,44.995758056640625
mimic,dro,42,2,693,5.689136002335541,6.4162085786017915,36.492402597402595,42.18153762817383
mimic,dro,42,3,436,2.1673128183464025,3.3654536772600614,39.019246941896014,41.18655776977539
mimic,dro,42,4,750,2.5052203988986546,3.267419401629413,41.52292111111111,44.028141021728516
mimic,dro,42,5,781,3.3830047649101878,3.8182441575748687,44.53887537345283,47.921878814697266
mimic,dro,42,6,760,1.8481627033300563,2.86316687692118,47.468630482456135,49.316795349121094
mimic,dro,42,7,734,-0.7090362692962012,3.3385943277828485,50.45045072661217,49.74140930175781
mimic,dro,42,8,913,-4.188404360740191,5.424668744558312,54.32464768163564,50.13624572753906
mimic,dro,42,9,8644,-70.7400513865867,70.78750217295936,123.61615218006065,52.8760986328125
mimic,dro,42,>PN-A max,954,-505.7606719781612,505.7606719781612,561.6215027370138,55.8608283996582
eicu,dro,42,0,3331,13.76458535046951,13.87980289415329,25.880081056739716,39.6446647644043
eicu,dro,42,1,3442,11.059080588233442,11.34190526378956,31.121334495448384,42.18041229248047
eicu,dro,42,2,1291,6.865583565965845,7.311078380522664,36.481900335657116,43.34748458862305
eicu,dro,42,3,1003,5.526279803675724,6.018180840575604,39.02115320704553,44.54743194580078
eicu,dro,42,4,1657,5.035063367915379,5.40046200879837,41.51251257292296,46.54757308959961
eicu,dro,42,5,1696,2.666472216972015,3.268242644363979,44.47817413522013,47.14464569091797
eicu,dro,42,6,1661,0.5560836643476983,2.5350867980124123,47.40855910094321,47.964637756347656
eicu,dro,42,7,1229,-2.151410959780232,3.6850205554139626,50.43192297260645,48.280513763427734
eicu,dro,42,8,1358,-4.799881899070084,5.692982139456313,54.29356897398135,49.493690490722656
eicu,dro,42,9,14882,-67.43993705490107,67.45076617019737,117.3235015454912,49.88356399536133
eicu,dro,42,>PN-A max,1070,-472.446671474136,472.446671474136,524.0486448598132,51.60197067260742
physionet_b,dro,43,0,1464,1.1561053450641736,1.553948369833941,25.35792349726776,26.514028549194336
physionet_b,dro,43,1,1335,0.6774878226862419,1.4936271610331446,30.790262172284645,31.46775245666504
physionet_b,dro,43,2,1427,0.27616997807695887,1.6314588679077748,36.289418360196215,36.565589904785156
physionet_b,dro,43,3,1360,0.03839612147387336,1.7695359075770658,38.50955882352941,38.54795455932617
physionet_b,dro,43,4,1882,3.146637887174341,3.6264520172865056,40.97183846971307,44.118473052978516
physionet_b,dro,43,5,1697,5.804084673304381,6.032744225011409,43.95462581025339,49.75870895385742
physionet_b,dro,43,6,1497,5.105184897790372,5.340926395230239,46.985971943887776,52.091156005859375
physionet_b,dro,43,7,1140,2.530964816244025,3.344078999234919,49.95789473684211,52.48885726928711
physionet_b,dro,43,8,1591,-1.10040076283971,2.637624943203929,53.94217473287241,52.84177780151367
physionet_b,dro,43,9,1386,-34.318899972098215,34.4423768069665,87.72222222222223,53.403324127197266
mimic,dro,43,0,1774,13.837481680737096,14.054700383680082,25.96764421270199,39.80512619018555
mimic,dro,43,1,2211,11.324703804942805,11.923403387814947,31.153786245539973,42.47848892211914
mimic,dro,43,2,693,3.8993090573705813,5.446807581204451,36.492402597402595,40.3917121887207
mimic,dro,43,3,436,0.5275882093913695,3.143680546631264,39.019246941896014,39.54684066772461
mimic,dro,43,4,750,1.7631974751112196,3.236293563435873,41.52292111111111,43.28611755371094
mimic,dro,43,5,781,4.53628002881495,5.2087501706926425,44.53887537345283,49.07515335083008
mimic,dro,43,6,760,4.009726285499438,4.585054397560699,47.468630482456135,51.478355407714844
mimic,dro,43,7,734,1.3846056198965515,2.4339930124077838,50.45045072661217,51.835052490234375
mimic,dro,43,8,913,-2.2967238845630216,3.1402674411134424,54.32464768163564,52.02791976928711
mimic,dro,43,9,8644,-70.13456225196367,70.14568628849067,123.61615218006065,53.48158645629883
mimic,dro,43,>PN-A max,954,-506.60366924322324,506.60366924322324,561.6215027370138,55.0178337097168
eicu,dro,43,0,3331,13.366352038696984,13.623748157600092,25.880081056739716,39.24643325805664
eicu,dro,43,1,3442,10.75607675064356,11.287471982145782,31.121334495448384,41.877410888671875
eicu,dro,43,2,1291,6.970179822898607,8.03212961984364,36.481900335657116,43.45207977294922
eicu,dro,43,3,1003,6.465728383747278,7.447405201337314,39.02115320704553,45.486881256103516
eicu,dro,43,4,1657,6.442577899770942,7.005448123699365,41.51251257292296,47.9550895690918
eicu,dro,43,5,1696,4.080899612108866,5.034606979927927,44.47817413522013,48.55907440185547
eicu,dro,43,6,1661,2.1364912427718115,3.8376799269371333,47.40855910094321,49.54505157470703
eicu,dro,43,7,1229,-0.8546424624652827,2.7275383760200334,50.43192297260645,49.5772819519043
eicu,dro,43,8,1358,-3.9668316628105447,4.366408513443226,54.29356897398135,50.32674026489258
eicu,dro,43,9,14882,-66.28920165222029,66.29087115065927,117.3235015454912,51.034297943115234
eicu,dro,43,>PN-A max,1070,-471.71370775169305,471.71370775169305,524.0486448598132,52.334938049316406
physionet_b,dro,44,0,1464,0.3994436446434813,1.0989738448721464,25.35792349726776,25.75736427307129
physionet_b,dro,44,1,1335,-0.7736533147118958,1.4004122473327407,30.790262172284645,30.0166072845459
physionet_b,dro,44,2,1427,-1.279431744731216,1.7930629973488414,36.289418360196215,35.009986877441406
physionet_b,dro,44,3,1360,-1.3871253953260534,1.8294234598384185,38.50955882352941,37.122432708740234
physionet_b,dro,44,4,1882,0.9630374948986025,2.596721582280969,40.97183846971307,41.93487548828125
physionet_b,dro,44,5,1697,2.4309774836021516,3.7309560151962793,43.95462581025339,46.3856086730957
physionet_b,dro,44,6,1497,1.354706704974891,2.6045409121669447,46.985971943887776,48.34068298339844
physionet_b,dro,44,7,1140,-1.353934739765368,2.6382416976125618,49.95789473684211,48.60396194458008
physionet_b,dro,44,8,1591,-5.061069761860079,5.469055250109104,53.94217473287241,48.881107330322266
physionet_b,dro,44,9,1386,-38.291968113072166,38.361807364922065,87.72222222222223,49.43025207519531
mimic,dro,44,0,1774,11.042707154332406,11.36023744177672,25.96764421270199,37.01034927368164
mimic,dro,44,1,2211,8.431112627646414,9.483211472724705,31.153786245539973,39.58489990234375
mimic,dro,44,2,693,1.3144260404292294,3.7895645445089263,36.492402597402595,37.80683135986328
mimic,dro,44,3,436,-0.9540043189255834,2.600385011464934,39.019246941896014,38.065242767333984
mimic,dro,44,4,750,0.5746822468397353,2.9218083125587753,41.52292111111111,42.09760284423828
mimic,dro,44,5,781,3.605375869952864,4.928162698890902,44.53887537345283,48.14425277709961
mimic,dro,44,6,760,3.2565922757868173,4.128641443397566,47.468630482456135,50.7252197265625
mimic,dro,44,7,734,0.7558998337970005,2.446458896425612,50.45045072661217,51.20634841918945
mimic,dro,44,8,913,-2.852099601074308,3.6555609668454543,54.32464768163564,51.47254943847656
mimic,dro,44,9,8644,-70.37060556616709,70.38875535809036,123.61615218006065,53.24554443359375
mimic,dro,44,>PN-A max,954,-505.91317888844134,505.91317888844134,561.6215027370138,55.70832443237305
eicu,dro,44,0,3331,12.51053250718496,13.140756215202693,25.880081056739716,38.3906135559082
eicu,dro,44,1,3442,9.477474186010838,10.759861292221185,31.121334495448384,40.59880828857422
eicu,dro,44,2,1291,5.65428077841556,7.625626649469977,36.481900335657116,42.13618469238281
eicu,dro,44,3,1003,5.164272791874214,7.00651380919903,39.02115320704553,44.185428619384766
eicu,dro,44,4,1657,4.757516855359965,5.831681493599153,41.51251257292296,46.27002716064453
eicu,dro,44,5,1696,2.7458533601191055,4.664602103998076,44.47817413522013,47.224029541015625
eicu,dro,44,6,1661,0.9288976682708515,3.4435129262490514,47.40855910094321,48.33745574951172
eicu,dro,44,7,1229,-2.0850416865813104,3.2167108927375745,50.43192297260645,48.346885681152344
eicu,dro,44,8,1358,-5.154758265630603,5.542121685985028,54.29356897398135,49.1388053894043
eicu,dro,44,9,14882,-67.09413215833044,67.09747744857883,117.3235015454912,50.2293701171875
eicu,dro,44,>PN-A max,1070,-472.0500345896784,472.0500345896784,524.0486448598132,51.99861145019531
physionet_b,erm,42,0,1464,0.9723530701600789,1.3000263412142061,25.35792349726776,26.330278396606445
physionet_b,erm,42,1,1335,-0.15898041171527533,1.1545635694868108,30.790262172284645,30.631282806396484
physionet_b,erm,42,2,1427,-1.1040859369439684,1.7239781562147563,36.289418360196215,35.185333251953125
physionet_b,erm,42,3,1360,-1.426827744876637,1.9665693339179544,38.50955882352941,37.08272933959961
physionet_b,erm,42,4,1882,1.528884846143084,2.6700588240506926,40.97183846971307,42.5007209777832
physionet_b,erm,42,5,1697,3.888046296119128,4.691660276917619,43.95462581025339,47.842674255371094
physionet_b,erm,42,6,1497,3.307083680300053,3.843615983594794,46.985971943887776,50.29305648803711
physionet_b,erm,42,7,1140,0.7157534749884354,2.4515658997652823,49.95789473684211,50.67364501953125
physionet_b,erm,42,8,1591,-2.9676481662944454,3.900161309185304,53.94217473287241,50.974525451660156
physionet_b,erm,42,9,1386,-36.22454202329958,36.30740139838765,87.72222222222223,51.497676849365234
mimic,erm,42,0,1774,14.255297451485193,14.540810851209761,25.96764421270199,40.22294235229492
mimic,erm,42,1,2211,11.431951913667316,12.310610581905113,31.153786245539973,42.58573532104492
mimic,erm,42,2,693,3.299246171012758,5.843778349090621,36.492402597402595,39.791648864746094
mimic,erm,42,3,436,-0.49861597854427603,3.718158977811854,39.019246941896014,38.520633697509766
mimic,erm,42,4,750,0.6021042337375218,3.1664301967818647,41.52292111111111,42.12502670288086
mimic,erm,42,5,781,3.7345115293013555,5.200191667171168,44.53887537345283,48.27338790893555
mimic,erm,42,6,760,3.41266881246734,4.278937369430274,47.468630482456135,50.88130187988281
mimic,erm,42,7,734,1.0381475850173711,2.7071680459216836,50.45045072661217,51.48860168457031
mimic,erm,42,8,913,-2.711797346189624,3.8713357172921095,54.32464768163564,51.612850189208984
mimic,erm,42,9,8644,-70.02347061568724,70.04635711571852,123.61615218006065,53.59267807006836
mimic,erm,42,>PN-A max,954,-506.09013565699706,506.09013565699706,561.6215027370138,55.53136444091797
eicu,erm,42,0,3331,13.519504715808695,14.157772081959752,25.880081056739716,39.39958572387695
eicu,erm,42,1,3442,10.46886650006392,11.684011039423568,31.121334495448384,41.5901985168457
eicu,erm,42,2,1291,5.888326139521482,8.11847275611568,36.481900335657116,42.37022399902344
eicu,erm,42,3,1003,4.676752735618421,7.0083548409236,39.02115320704553,43.697906494140625
eicu,erm,42,4,1657,4.5969680449248465,5.6314110972516325,41.51251257292296,46.10947799682617
eicu,erm,42,5,1696,3.2073763194324085,4.828155295279041,44.47817413522013,47.685546875
eicu,erm,42,6,1661,1.6942668538913657,3.867650642218945,47.40855910094321,49.10282897949219
eicu,erm,42,7,1229,-1.0071969256027302,3.2247116432365828,50.43192297260645,49.42472457885742
eicu,erm,42,8,1358,-3.8839308275682525,4.770999911724497,54.29356897398135,50.409637451171875
eicu,erm,42,9,14882,-66.25718826137073,66.26314280735134,117.3235015454912,51.066314697265625
eicu,erm,42,>PN-A max,1070,-471.3553542277969,471.3553542277969,524.0486448598132,52.69329071044922
physionet_b,erm,43,0,1464,0.6794855008359815,1.3167691699794082,25.35792349726776,26.03740882873535
physionet_b,erm,43,1,1335,-0.192504608497191,1.235100641143456,30.790262172284645,30.597759246826172
physionet_b,erm,43,2,1427,-0.32747113763158275,1.4924467697624735,36.289418360196215,35.96194839477539
physionet_b,erm,43,3,1360,-0.8326416997348561,1.480938549602733,38.50955882352941,37.676918029785156
physionet_b,erm,43,4,1882,1.3926918848668097,2.146082052135569,40.97183846971307,42.364532470703125
physionet_b,erm,43,5,1697,2.8216446442117955,3.183276773833779,43.95462581025339,46.776268005371094
physionet_b,erm,43,6,1497,1.9089375370410417,2.685952687948325,46.985971943887776,48.89491653442383
physionet_b,erm,43,7,1140,-0.597727842498244,3.0497041233798914,49.95789473684211,49.360164642333984
physionet_b,erm,43,8,1591,-4.266499521146399,5.216865547942636,53.94217473287241,49.67567443847656
physionet_b,erm,43,9,1386,-37.424910852231335,37.60973720082645,87.72222222222223,50.29731369018555
mimic,erm,43,0,1774,14.069537149118956,14.23399498675859,25.96764421270199,40.03717803955078
mimic,erm,43,1,2211,10.929518751890804,11.409580565821173,31.153786245539973,42.08330535888672
mimic,erm,43,2,693,3.960394264320275,5.046522641740817,36.492402597402595,40.452796936035156
mimic,erm,43,3,436,0.9302323930489544,2.66765010932899,39.019246941896014,39.94947814941406
mimic,erm,43,4,750,1.8423590046522353,2.962341212406865,41.52292111111111,43.36528015136719
mimic,erm,43,5,781,3.9049547039297368,4.235622896874743,44.53887537345283,48.44382858276367
mimic,erm,43,6,760,3.128251770488002,3.590571350343046,47.468630482456135,50.596885681152344
mimic,erm,43,7,734,1.107518644757318,2.7134703190774943,50.45045072661217,51.5579719543457
mimic,erm,43,8,913,-1.902610291686099,3.7422646486009143,54.32464768163564,52.42203903198242
mimic,erm,43,9,8644,-69.32964765523306,69.41345522209615,123.61615218006065,54.286502838134766
mimic,erm,43,>PN-A max,954,-503.84846154567276,503.84846154567276,561.6215027370138,57.77304458618164
eicu,erm,43,0,3331,11.998202880543296,12.310002214601063,25.880081056739716,37.8782844543457
eicu,erm,43,1,3442,9.002907051967139,9.575446912620318,31.121334495448384,40.12424087524414
eicu,erm,43,2,1291,5.287879699974937,6.045431626898788,36.481900335657116,41.769779205322266
eicu,erm,43,3,1003,4.063790286676794,4.886711743203617,39.02115320704553,43.08494567871094
eicu,erm,43,4,1657,4.515036667705037,5.000623050874638,41.51251257292296,46.027549743652344
eicu,erm,43,5,1696,3.499652508444756,3.960728007067675,44.47817413522013,47.97782516479492
eicu,erm,43,6,1661,1.7781050646661543,2.933672132957133,47.40855910094321,49.18666458129883
eicu,erm,43,7,1229,-0.7339449303888002,2.8389427565804075,50.43192297260645,49.697975158691406
eicu,erm,43,8,1358,-3.80934031874629,4.7306831091130315,54.29356897398135,50.48422622680664
eicu,erm,43,9,14882,-66.34329699442088,66.35939140099381,117.3235015454912,50.980201721191406
eicu,erm,43,>PN-A max,1070,-470.89324002560056,470.89324002560056,524.0486448598132,53.1554069519043
physionet_b,erm,44,0,1464,0.7945193150004403,1.1622165330772192,25.35792349726776,26.152442932128906
physionet_b,erm,44,1,1335,0.42632531869724,1.2623862320117736,30.790262172284645,31.21658706665039
physionet_b,erm,44,2,1427,0.14632285585249732,1.4961561458296264,36.289418360196215,36.43574142456055
physionet_b,erm,44,3,1360,0.07746910628150491,1.6162565918529734,38.50955882352941,38.58702850341797
physionet_b,erm,44,4,1882,3.094695420624979,3.629208304296771,40.97183846971307,44.06653594970703
physionet_b,erm,44,5,1697,5.718333488783558,6.099633842337883,43.95462581025339,49.6729621887207
physionet_b,erm,44,6,1497,5.20576448510628,5.591646157508702,46.985971943887776,52.19173812866211
physionet_b,erm,44,7,1140,2.5019435012549684,3.362824262652481,49.95789473684211,52.4598388671875
physionet_b,erm,44,8,1591,-1.1535042859262674,2.768430627119159,53.94217473287241,52.78866958618164
physionet_b,erm,44,9,1386,-34.51497418402249,34.7284839074161,87.72222222222223,53.207252502441406
mimic,erm,44,0,1774,12.600567180428547,13.093591772445265,25.96764421270199,38.56821060180664
mimic,erm,44,1,2211,11.003657809051953,11.96047410987299,31.153786245539973,42.15744400024414
mimic,erm,44,2,693,3.0529542576733437,5.228051378140948,36.492402597402595,39.54535675048828
mimic,erm,44,3,436,-0.2584794864012924,3.3266603644445887,39.019246941896014,38.76076889038086
mimic,erm,44,4,750,1.099263769463433,3.338158558507849,41.52292111111111,42.62218475341797
mimic,erm,44,5,781,4.399891965689437,5.701851393270499,44.53887537345283,48.93876647949219
mimic,erm,44,6,760,4.198611226399739,5.071216127139086,47.468630482456135,51.667240142822266
mimic,erm,44,7,734,1.6901635309092893,2.96130357444918,50.45045072661217,52.1406135559082
mimic,erm,44,8,913,-2.0558980936062263,3.287082126501835,54.32464768163564,52.26874923706055
mimic,erm,44,9,8644,-69.42543962265239,69.46962453471657,123.61615218006065,54.190711975097656
mimic,erm,44,>PN-A max,954,-505.1984028393212,505.1984028393212,561.6215027370138,56.423099517822266
eicu,erm,44,0,3331,13.119745757035112,14.085088412405955,25.880081056739716,38.99982833862305
eicu,erm,44,1,3442,10.66794764167598,12.075136982025438,31.121334495448384,41.78927993774414
eicu,erm,44,2,1291,6.238311012518243,8.590403650048904,36.481900335657116,42.720211029052734
eicu,erm,44,3,1003,5.20644154318863,7.72019730755244,39.02115320704553,44.227596282958984
eicu,erm,44,4,1657,4.85366229876693,6.330812148572069,41.51251257292296,46.366172790527344
eicu,erm,44,5,1696,3.808989824139097,5.480388757417787,44.47817413522013,48.28716278076172
eicu,erm,44,6,1661,2.25791187856706,4.4909100724874245,47.40855910094321,49.66646957397461
eicu,erm,44,7,1229,-0.5925495260480235,3.266254076790868,50.43192297260645,49.83937454223633
eicu,erm,44,8,1358,-3.4848840968188664,4.482594681067038,54.29356897398135,50.808685302734375
eicu,erm,44,9,14882,-65.67066465884572,65.68735241132286,117.3235015454912,51.652835845947266
eicu,erm,44,>PN-A max,1070,-470.7835647554487,470.7835647554487,524.0486448598132,53.26507568359375
physionet_b,pcl,42,0,1464,1.4047390020610204,1.542518433325929,25.35792349726776,26.762662887573242
physionet_b,pcl,42,1,1335,0.25369584301437775,0.9550703255871262,30.790262172284645,31.04395866394043
physionet_b,pcl,42,2,1427,-0.561797277695162,1.2051470889523885,36.289418360196215,35.727622985839844
physionet_b,pcl,42,3,1360,-1.3753886054543887,1.6564783264608944,38.50955882352941,37.13417053222656
physionet_b,pcl,42,4,1882,0.1943252839140127,1.8946215744099633,40.97183846971307,41.16616439819336
physionet_b,pcl,42,5,1697,1.105653350326547,2.5085322234513976,43.95462581025339,45.060279846191406
physionet_b,pcl,42,6,1497,-0.026157860765476264,2.365977178355735,46.985971943887776,46.959815979003906
physionet_b,pcl,42,7,1140,-2.6675731140270567,3.71615437457436,49.95789473684211,47.29032516479492
physionet_b,pcl,42,8,1591,-6.243672376305408,6.651469057420003,53.94217473287241,47.6984977722168
physionet_b,pcl,42,9,1386,-39.33559355522475,39.40683221197747,87.72222222222223,48.386627197265625
mimic,pcl,42,0,1774,12.112465472789422,12.1742981254829,25.96764421270199,38.08011245727539
mimic,pcl,42,1,2211,8.680823466347308,9.03462165573337,31.153786245539973,39.83461380004883
mimic,pcl,42,2,693,2.940455606854151,4.104660307685592,36.492402597402595,39.432857513427734
mimic,pcl,42,3,436,-0.007772280025190418,2.5962084789062247,39.019246941896014,39.011478424072266
mimic,pcl,42,4,750,0.3488800668674046,2.435940358841507,41.52292111111111,41.871803283691406
mimic,pcl,42,5,781,1.5973333549418103,3.1918686445591407,44.53887537345283,46.136207580566406
mimic,pcl,42,6,760,0.36373919644272085,2.6978963533144946,47.468630482456135,47.83237075805664
mimic,pcl,42,7,734,-1.8843019271005188,3.839327212711049,50.45045072661217,48.5661506652832
mimic,pcl,42,8,913,-5.039487788244598,5.9634571219076715,54.32464768163564,49.285160064697266
mimic,pcl,42,9,8644,-71.85772656279852,71.89297862819475,123.61615218006065,51.758426666259766
mimic,pcl,42,>PN-A max,954,-506.870777936536,506.870777936536,561.6215027370138,54.75072479248047
eicu,pcl,42,0,3331,12.011207697721472,12.114391998417753,25.880081056739716,37.89128875732422
eicu,pcl,42,1,3442,8.94673802196437,9.295175998893884,31.121334495448384,40.06807327270508
eicu,pcl,42,2,1291,5.3759060865343615,6.248689102874134,36.481900335657116,41.85780334472656
eicu,pcl,42,3,1003,3.8039601274961328,5.134662668361898,39.02115320704553,42.825111389160156
eicu,pcl,42,4,1657,2.960854089046671,4.076296366198733,41.51251257292296,44.47336959838867
eicu,pcl,42,5,1696,0.5546106675136014,2.8186982346030898,44.47817413522013,45.03278350830078
eicu,pcl,42,6,1661,-1.3878699467839088,2.93843635468748,47.40855910094321,46.02069091796875
eicu,pcl,42,7,1229,-4.054845984789748,4.935899993155687,50.43192297260645,46.3770751953125
eicu,pcl,42,8,1358,-6.506903887614351,7.01319662982714,54.29356897398135,47.78666687011719
eicu,pcl,42,9,14882,-69.00908988334369,69.01544107639549,117.3235015454912,48.314414978027344
eicu,pcl,42,>PN-A max,1070,-473.63568894288255,473.63568894288255,524.0486448598132,50.4129524230957
physionet_b,pcl,43,0,1464,1.5707624206126063,1.7527018687764153,25.35792349726776,26.92868423461914
physionet_b,pcl,43,1,1335,0.7994938996847203,1.3381992754418306,30.790262172284645,31.58975601196289
physionet_b,pcl,43,2,1427,0.7644945744793149,1.4973270787838546,36.289418360196215,37.05391311645508
physionet_b,pcl,43,3,1360,0.3503554288078757,1.3151789384729722,38.50955882352941,38.85991668701172
physionet_b,pcl,43,4,1882,2.3686431242226287,2.8732990068279594,40.97183846971307,43.340476989746094
physionet_b,pcl,43,5,1697,3.5306584948852753,3.9375339658666375,43.95462581025339,47.48528289794922
physionet_b,pcl,43,6,1497,2.0445888725693573,2.6327146735283717,46.985971943887776,49.03055953979492
physionet_b,pcl,43,7,1140,-0.656641868122837,2.0413960490310403,49.95789473684211,49.30125045776367
physionet_b,pcl,43,8,1591,-4.454516968885958,4.845856288332073,53.94217473287241,49.48765563964844
physionet_b,pcl,43,9,1386,-37.63081748764236,37.69750074631552,87.72222222222223,50.09140396118164
mimic,pcl,43,0,1774,12.218983367753628,12.325375210947072,25.96764421270199,38.18662643432617
mimic,pcl,43,1,2211,8.865531988728135,9.367212957148995,31.153786245539973,40.01932144165039
mimic,pcl,43,2,693,2.1056459113667363,3.296928466924093,36.492402597402595,38.598045349121094
mimic,pcl,43,3,436,-0.029750413340530513,2.0664164785993693,39.019246941896014,38.989498138427734
mimic,pcl,43,4,750,0.8883238890923394,2.6595253375244137,41.52292111111111,42.4112434387207
mimic,pcl,43,5,781,3.2193762954015077,4.119924322766792,44.53887537345283,47.75825119018555
mimic,pcl,43,6,760,2.6240547401695915,3.3709749959979143,47.468630482456135,50.092681884765625
mimic,pcl,43,7,734,-0.040190575484467646,1.7687226675497272,50.45045072661217,50.41026306152344
mimic,pcl,43,8,913,-3.7559680057677447,4.215722392224854,54.32464768163564,50.56867980957031
mimic,pcl,43,9,8644,-71.57822087129668,71.58737260235951,123.61615218006065,52.03792953491211
mimic,pcl,43,>PN-A max,954,-507.4596396139177,507.4596396139177,561.6215027370138,54.161865234375
eicu,pcl,43,0,3331,10.218164669919823,10.443208170829443,25.880081056739716,36.09824752807617
eicu,pcl,43,1,3442,6.872261809268341,7.567300668465591,31.121334495448384,37.993595123291016
eicu,pcl,43,2,1291,3.179793305302233,4.482002560482326,36.481900335657116,39.66169357299805
eicu,pcl,43,3,1003,2.016592322920358,3.938697968213889,39.02115320704553,41.03774642944336
eicu,pcl,43,4,1657,2.651433680105967,3.9565545620992135,41.51251257292296,44.163944244384766
eicu,pcl,43,5,1696,2.7892096190332616,3.94443556040338,44.47817413522013,47.26738357543945
eicu,pcl,43,6,1661,1.1096276531491251,2.948108953437292,47.40855910094321,48.518184661865234
eicu,pcl,43,7,1229,-1.8217695012207695,2.6718243496767835,50.43192297260645,48.61015319824219
eicu,pcl,43,8,1358,-5.265022539542361,5.437760847669404,54.29356897398135,49.02854537963867
eicu,pcl,43,9,14882,-67.36937631812889,67.36963321169885,117.3235015454912,49.954132080078125
eicu,pcl,43,>PN-A max,1070,-472.63975961346495,472.63975961346495,524.0486448598132,51.40888595581055
physionet_b,pcl,44,0,1464,0.7553127124661305,1.0587195451142357,25.35792349726776,26.113235473632812
physionet_b,pcl,44,1,1335,0.10429311030812924,0.927729021565298,30.790262172284645,30.89455795288086
physionet_b,pcl,44,2,1427,0.08684940511894627,1.1448361878639013,36.289418360196215,36.37627029418945
physionet_b,pcl,44,3,1360,-0.36491141038782454,1.2812191626604865,38.50955882352941,38.144649505615234
physionet_b,pcl,44,4,1882,2.2500714596982463,2.8570666561471287,40.97183846971307,43.2219123840332
physionet_b,pcl,44,5,1697,4.258305427672656,4.9038991641492515,43.95462581025339,48.21293258666992
physionet_b,pcl,44,6,1497,3.3835646553523713,3.901795942144706,46.985971943887776,50.369537353515625
physionet_b,pcl,44,7,1140,0.6769524574279785,2.1550021974663984,49.95789473684211,50.634849548339844
physionet_b,pcl,44,8,1591,-3.124795162025898,3.636440058911394,53.94217473287241,50.8173828125
physionet_b,pcl,44,9,1386,-36.62676645804621,36.654516987986376,87.72222222222223,51.095458984375
mimic,pcl,44,0,1774,13.047408498845035,13.150159020684915,25.96764421270199,39.015052795410156
mimic,pcl,44,1,2211,10.14668808178552,10.587555396485804,31.153786245539973,41.300472259521484
mimic,pcl,44,2,693,4.002121795500168,4.91856622141486,36.492402597402595,40.49452209472656
mimic,pcl,44,3,436,1.213040701256615,2.8694295919342503,39.019246941896014,40.2322883605957
mimic,pcl,44,4,750,2.066892635023329,3.2172844723171656,41.52292111111111,43.589813232421875
mimic,pcl,44,5,781,4.22821040161237,5.27200324718059,44.53887537345283,48.767086029052734
mimic,pcl,44,6,760,3.7851832812125217,4.505136204011259,47.468630482456135,51.253814697265625
mimic,pcl,44,7,734,1.1664992123360418,2.358446602886314,50.45045072661217,51.616947174072266
mimic,pcl,44,8,913,-2.5182113246910762,3.1535737066140093,54.32464768163564,51.806434631347656
mimic,pcl,44,9,8644,-70.70294199437555,70.70592529428484,123.61615218006065,52.913211822509766
mimic,pcl,44,>PN-A max,954,-507.4678495781821,507.4678495781821,561.6215027370138,54.15365219116211
eicu,pcl,44,0,3331,14.900767454675853,15.042331534730865,25.880081056739716,40.780845642089844
eicu,pcl,44,1,3442,12.124556560800816,12.50372690015723,31.121334495448384,43.245887756347656
eicu,pcl,44,2,1291,9.132060287991697,9.673944885072677,36.481900335657116,45.61396026611328
eicu,pcl,44,3,1003,8.526913882046692,9.135509047123156,39.02115320704553,47.548065185546875
eicu,pcl,44,4,1657,7.035981835131433,7.517522929453845,41.51251257292296,48.54849624633789
eicu,pcl,44,5,1696,3.945009824389931,5.187483474818417,44.47817413522013,48.42318344116211
eicu,pcl,44,6,1661,1.9861098984410768,4.029272950119028,47.40855910094321,49.39466857910156
eicu,pcl,44,7,1229,-1.0794591952831663,2.9296369612103788,50.43192297260645,49.35246658325195
eicu,pcl,44,8,1358,-4.280302729393608,4.698406867250602,54.29356897398135,50.013267517089844
eicu,pcl,44,9,14882,-66.65734963618914,66.66237925299765,117.3235015454912,50.6661491394043
eicu,pcl,44,>PN-A max,1070,-472.2328692612693,472.2328692612693,524.0486448598132,51.815773010253906
