target,method,seed,subset,n,r2,mae,rmse,spearman
physionet_b,dro,42,full,14779,0.2275376274279507,5.801712305476922,20.195939589747077,0.8969827116091359
physionet_b,dro,42,le336,14779,0.2275376274279507,5.801712305476922,20.195939589747077,0.8969827116091359
mimic,dro,42,full,18650,-0.12479260457494679,63.09293241235247,146.1179079258534,0.4823776122557871
mimic,dro,42,le336,17696,-0.15094376441697732,39.228498441636965,67.25314885475767,0.4639388722488529
eicu,dro,42,full,32620,-0.13165058144760078,50.30747344591806,113.52385161114233,0.3622612074063156
eicu,dro,42,le336,31550,-0.17328313878842594,35.9908667299056,62.96766949456882,0.35488085389626045
physionet_b,dro,43,full,14779,0.24490620480689684,6.0766895845783475,19.967599025103166,0.8970106013801971
physionet_b,dro,43,le336,14779,0.24490620480689684,6.0766895845783475,19.967599025103166,0.8970106013801971
mimic,dro,43,full,18650,-0.12560284561347612,62.23665892342303,146.17052625391548,0.6856202127721863
mimic,dro,43,le336,17696,-0.14120163006760045,38.280616436697805,66.96791269073695,0.686629282734961
eicu,dro,43,full,32620,-0.12495379256561878,49.94324515490646,113.18745213001294,0.3943975250910396
eicu,dro,43,le336,31550,-0.15632199905448085,35.63914388775712,62.51087805196006,0.38891119134636193
physionet_b,dro,44,full,14779,0.20147622121603304,5.989644253929072,20.53379976798638,0.8777688123435812
physionet_b,dro,44,le336,14779,0.20147622121603304,5.989644253929072,20.53379976798638,0.8777688123435812
mimic,dro,44,full,18650,-0.12277132716073536,61.67684711255212,145.98656031983015,0.7208623383931689
mimic,dro,44,le336,17696,-0.1377392573643863,37.72784956993242,66.86624616477849,0.7211485250320282
eicu,dro,44,full,32620,-0.12923076338740147,50.1560757384114,113.40241214907265,0.3898956437517154
eicu,dro,44,le336,31550,-0.16871120723498856,35.8477861672274,62.844866710461936,0.3822539000566431
physionet_b,erm,42,full,14779,0.2301970928875794,5.862502434731368,20.16114390614834,0.8931792474606307
physionet_b,erm,42,le336,14779,0.2301970928875794,5.862502434731368,20.16114390614834,0.8931792474606307
mimic,erm,42,full,18650,-0.12320834001968861,62.315574803106614,146.01496850758093,0.6542708221339508
mimic,erm,42,le336,17696,-0.13805972239907582,38.39147155634964,66.87566255128927,0.6516360310994886
eicu,erm,42,full,32620,-0.12353979919689162,49.961701688975026,113.11629514945044,0.38080413828871484
eicu,erm,42,le336,31550,-0.15459957220323073,35.670379716976946,62.46430342111092,0.3730041509074702
physionet_b,erm,43,full,14779,0.21599319725672306,5.75722425181921,20.346293810403306,0.8975750367427563
physionet_b,erm,43,le336,14779,0.21599319725672306,5.75722425181921,20.346293810403306,0.8975750367427563
mimic,erm,43,full,18650,-0.113430282965995,61.63465689472952,145.37801473239423,0.6772275915528556
mimic,erm,43,le336,17696,-0.11924845982047416,37.79469477690629,66.32065759548739,0.6730026864351835
eicu,erm,43,full,32620,-0.11930308999671069,49.29108351422312,112.90282096285173,0.555413457848423
eicu,erm,43,le336,31550,-0.14529685330255626,34.99269025060429,62.21215407023737,0.5505727027311658
physionet_b,erm,44,full,14779,0.23959817853341647,6.065613969074582,20.037658485143876,0.8865618800892182
physionet_b,erm,44,le336,14779,0.23959817853341647,6.065613969074582,20.037658485143876,0.8865618800892182
mimic,erm,44,full,18650,-0.11847353119409165,61.83305127564568,145.70688537441112,0.681650925458209
mimic,erm,44,le336,17696,-0.12650425995440195,37.93100870151896,66.53528021144236,0.6811636140655878
eicu,erm,44,full,32620,-0.11956655657583548,49.845404641619005,112.91610796707815,0.3844143353954757
eicu,erm,44,le336,31550,-0.1464500317291233,35.569530431736354,62.24346632957372,0.3785879182489328
physionet_b,pcl,42,full,14779,0.1899503698959898,5.975175506893277,20.68146075120959,0.8910481325594463
physionet_b,pcl,42,le336,14779,0.1899503698959898,5.975175506893277,20.68146075120959,0.8910481325594463
mimic,pcl,42,full,18650,-0.12967256453085052,62.476126954129526,146.4345342136481,0.7308371170143806
mimic,pcl,42,le336,17696,-0.159193776456785,38.51859434578777,67.49375511843095,0.7296748511560919
eicu,pcl,42,full,32620,-0.1417932654187244,50.62685350323756,114.03145884495149,0.43569428046346653
eicu,pcl,42,le336,31550,-0.19679951944089935,36.28075353745563,63.595576440221016,0.4264791178068879
physionet_b,pcl,43,full,14779,0.21185116989313313,5.859272162431438,20.399969294588818,0.8805180891230243
physionet_b,pcl,43,le336,14779,0.21185116989313313,5.859272162431438,20.399969294588818,0.8805180891230243
mimic,pcl,43,full,18650,-0.13169432039586848,62.28423808737065,146.56551134143592,0.7071288376705381
mimic,pcl,43,le336,17696,-0.1598303857374619,38.284614835996,67.51228577921562,0.7076322399495308
eicu,pcl,43,full,32620,-0.1296075859424286,49.285711614864866,113.4213316754099,0.6553980745028365
eicu,pcl,43,le336,31550,-0.16395101489278963,34.927903964833106,62.716751702847624,0.6548094227600694
physionet_b,pcl,44,full,14779,0.22270085700850661,5.734485891951188,20.259069324534316,0.883743347264304
physionet_b,pcl,44,le336,14779,0.22270085700850661,5.734485891951188,20.259069324534316,0.883743347264304
mimic,pcl,44,full,18650,-0.12967592457998944,62.2663842104678,146.4347519877537,0.7081495653659494
mimic,pcl,44,le336,17696,-0.15026484106260263,38.26535584469026,67.23331014921085,0.7121194612699248
eicu,pcl,44,full,32620,-0.1308923743627055,50.58499696795497,113.48581468863473,0.3203382330241639
eicu,pcl,44,le336,31550,-0.17178649512858502,36.2850532800359,62.92749580049067,0.31594110171242873
