target,method,seed,subset,n_per_resample,r2,mae,rmse,spearman,r2_lo,r2_hi,mae_lo,mae_hi,rmse_lo,rmse_hi,spearman_lo,spearman_hi
physionet_b,dro,42,label_matched,5000,0.2276133517620381,5.961833180166245,20.808619783069435,0.8950379238905916,0.19449943878315237,0.269236522084773,5.510333020439148,6.511570358066559,18.297909073516884,23.530666228439568,0.8895298839930765,0.9003922930529231
mimic,dro,42,label_matched,5000,0.09541286814523647,13.068928886658723,31.60564421426769,0.41066245907745325,0.08433595871159429,0.10807640457412702,12.483804957198377,13.678870497146141,29.397666288423967,33.679236643146226,0.3872334563892026,0.43843310860195633
eicu,dro,42,label_matched,5000,0.06062413890062793,12.692738381967418,30.239880474299643,0.33377553294896856,0.05087894307053824,0.071620300250897,12.18234897239812,13.300905022914884,28.338744987765786,32.50992047848299,0.30635069412648286,0.36269444014451574
physionet_b,dro,43,label_matched,5000,0.24607723516498922,6.199092599744797,20.558781711484855,0.8951807079508451,0.2140200866043813,0.28833848600416984,5.734693239078522,6.744250842065811,18.053303692276234,23.277264927390927,0.8899587622734835,0.9004977430508847
mimic,dro,43,label_matched,5000,0.11858855881229607,12.3624841890483,31.19933240896787,0.6965342925093577,0.10732394428499277,0.13006745025573885,11.797793422121938,12.973086640450582,28.917681045038563,33.26959167079637,0.6820485899006928,0.7094482433225299
eicu,dro,43,label_matched,5000,0.060978299281382584,12.997668860764948,30.234029792789123,0.36482216001493206,0.052034322139118794,0.07027750737094624,12.453490457379022,13.632419340860366,28.341529928842316,32.508019240945195,0.33772799572532664,0.38945861593298026
physionet_b,dro,44,label_matched,5000,0.20090357618593402,6.1683244890842435,21.164489375860107,0.8778659202080189,0.16904499123922304,0.23812292928584292,5.709576526002883,6.699424272937775,18.67328299356486,23.937965551522797,0.8718844936313314,0.8827993190177916
mimic,dro,44,label_matched,5000,0.1342588649471381,11.599880409711913,30.921222805946776,0.7487145654304672,0.12166474150221403,0.14778253711018108,11.036712865311896,12.208379839293164,28.610963083054482,33.03215665370905,0.7354905505359259,0.758811320534851
eicu,dro,44,label_matched,5000,0.05205954717031197,12.86233291990369,30.377016964719996,0.354655452226866,0.041657063577470885,0.061941147006768144,12.348092235731126,13.4510694219532,28.45894920172685,32.63978502795407,0.3256303391381249,0.3815393453988149
physionet_b,erm,42,label_matched,5000,0.23035194046950927,6.016248389091492,20.77179328260591,0.891716752176153,0.19621642543082232,0.2714281556937287,5.568638246850968,6.562274184179306,18.2303851513191,23.512690711076317,0.8865585680126454,0.8967620210975347
mimic,erm,42,label_matched,5000,0.11737945373176478,12.599948461238828,31.22051083067663,0.6457687505367256,0.10558123001209681,0.1316711171631177,12.022830766101286,13.20199193652119,28.95866169536826,33.29470188720228,0.6287347341148145,0.6614578128293391
eicu,erm,42,label_matched,5000,0.06185681778408559,12.987051494610217,30.219768651424012,0.3525693078520717,0.051696657474331345,0.07165142792665437,12.46285522923406,13.569659191266378,28.335708277268793,32.46287615085247,0.3229904245612159,0.37775848766883996
physionet_b,erm,43,label_matched,5000,0.2151895097922163,5.954769844291686,20.97485866940462,0.8945399009420708,0.18290019735562474,0.26100552711312425,5.5030573228931425,6.492946677322388,18.52148151437291,23.686252883063478,0.8893816388407597,0.9003798182921847
mimic,erm,43,label_matched,5000,0.13607346189730837,12.030195434256296,30.888320376692388,0.6964337667822719,0.12287153144298996,0.1498002090752029,11.457835071080018,12.63864402022421,28.64120633675125,32.97564575477876,0.6781680621345944,0.7129451724631948
eicu,erm,43,label_matched,5000,0.09647669902804318,11.898432760280228,29.658095667649523,0.5631952359195455,0.0848509153988916,0.11093931527591487,11.39706406821251,12.498371167755128,27.732477591285413,31.939050449185437,0.5424464290465576,0.584392411938091
physionet_b,erm,44,label_matched,5000,0.24105519365150566,6.185138258874892,20.62692217783712,0.8854569251924218,0.20619900620672818,0.2816812584569732,5.743996303539276,6.721710943593979,18.144169966041936,23.320772665896254,0.8803696075425358,0.8904116805789789
mimic,erm,44,label_matched,5000,0.1289659495472698,12.376529561185116,31.015141050808595,0.693492436574815,0.11618618228910885,0.14287813731209928,11.810813361661316,12.981645392519846,28.730611044736722,33.07646657000073,0.6801152617386402,0.706799077444918
eicu,erm,44,label_matched,5000,0.05881665681980719,13.252342655985005,30.26838421974064,0.35765605781427284,0.04746768079828978,0.06922402114793802,12.745353885602952,13.866760947014491,28.37660485198656,32.526827016286205,0.3274560748740594,0.3821704232401418
physionet_b,pcl,42,label_matched,5000,0.18885764994735268,6.205491082895278,21.322889267298002,0.88974578231716,0.15780447859092683,0.23090436906682776,5.737839670114517,6.743536547489166,18.840061762474967,24.050214832408216,0.8850573971743216,0.8952480595354284
mimic,pcl,42,label_matched,5000,0.11997454846314412,11.819404878928772,31.174755813657075,0.7331515871811137,0.10625664033217862,0.13370825377289228,11.267910260792837,12.423693500775316,28.950051457551698,33.292996982638705,0.7208940312179128,0.745065714678266
eicu,pcl,42,label_matched,5000,0.05442180672922275,12.388981661333593,30.339576598326712,0.39411430348951904,0.04379063757792934,0.06563233736207426,11.86891140157763,12.945648009973524,28.43561740009197,32.61268630386735,0.36800939399653115,0.4198987867775463
physionet_b,pcl,43,label_matched,5000,0.2114545618448635,6.008254190191269,21.02482262645354,0.8804883036416673,0.18075144221825235,0.2495698367653999,5.56128959072113,6.553385275030136,18.508786905875677,23.791521498012163,0.8739484634134499,0.8861991175653526
mimic,pcl,43,label_matched,5000,0.11924453977842706,11.503465855872607,31.18808910572537,0.7392948149069477,0.10746181050324849,0.13148459993408804,10.922481703608703,12.115368572317038,28.888931323715354,33.301165856997805,0.7265599878447293,0.7530564472199311
eicu,pcl,43,label_matched,5000,0.09754199613059028,11.311893210321427,29.641160693221813,0.6730174647574639,0.08614361794670118,0.1103643706178313,10.814360509689966,11.879263884572348,27.695243002866484,31.969062180303602,0.6559488025752882,0.6886252473822636
physionet_b,pcl,44,label_matched,5000,0.22295811601756108,5.866319787448884,20.871117881700698,0.8830721046521659,0.19058675138042466,0.26276013175695984,5.424376240034103,6.408259398326874,18.346045188124307,23.5719157383105,0.8765736327488207,0.8885229757081221
mimic,pcl,44,label_matched,5000,0.11790190661913563,12.10123135481497,31.211735466561446,0.7304912870281635,0.1068334823771914,0.13126472917206383,11.527324247211416,12.725831137509452,28.901970756186195,33.28975780194183,0.7194191734906815,0.741401196130558
eicu,pcl,44,label_matched,5000,0.017730627194055208,13.76965239207128,30.921074414438344,0.3054077091887709,0.006968399271499865,0.026150547717133512,13.229676004439037,14.41423398373922,29.083053543561977,33.15832913931715,0.2721866843170082,0.3320161316514102
