target,metric,quantity,scope,point,ci_lo,ci_hi,B,mode,note
pn_b,r2,erm,mean_over_seeds,0.22936387905422453,0.20903110473349254,0.2512465374358847,10000,paired: same patient resample for all methods and seeds,test-sampling variance only (patient-cluster bootstrap); excludes fine-tune-seed and pre-training variance
pn_b,r2,pcl,mean_over_seeds,0.20892471799528317,0.18897384992224994,0.23026426042468331,10000,paired: same patient resample for all methods and seeds,test-sampling variance only (patient-cluster bootstrap); excludes fine-tune-seed and pre-training variance
pn_b,r2,dro,mean_over_seeds,0.22541283132609277,0.20524388106106,0.24716305539512518,10000,paired: same patient resample for all methods and seeds,test-sampling variance only (patient-cluster bootstrap); excludes fine-tune-seed and pre-training variance
pn_b,r2,pcl-erm,mean_over_seeds,-0.020439161058941353,-0.02234873178767223,-0.01853737267045327,10000,paired: same patient resample for all methods and seeds,test-sampling variance only (patient-cluster bootstrap); excludes fine-tune-seed and pre-training variance
pn_b,r2,pcl-erm,seed42,-0.04032281323016872,-0.043720580785347074,-0.03711901281063898,10000,paired: same patient resample for all methods and seeds,test-sampling variance only (patient-cluster bootstrap); excludes fine-tune-seed and pre-training variance
pn_b,r2,pcl-erm,seed43,-0.004118770984162663,-0.0073670010504172795,-0.000929864703918049,10000,paired: same patient resample for all methods and seeds,test-sampling variance only (patient-cluster bootstrap); excludes fine-tune-seed and pre-training variance
pn_b,r2,pcl-erm,seed44,-0.01687589896249267,-0.019884132463692118,-0.013893066457046794,10000,paired: same patient resample for all methods and seeds,test-sampling variance only (patient-cluster bootstrap); excludes fine-tune-seed and pre-training variance
pn_b,r2,pcl-dro,mean_over_seeds,-0.016488113330809635,-0.018131715333393472,-0.014911090298713804,10000,paired: same patient resample for all methods and seeds,test-sampling variance only (patient-cluster bootstrap); excludes fine-tune-seed and pre-training variance
pn_b,r2,pcl-dro,seed42,-0.03766991205333527,-0.04073125200058822,-0.03469684827196717,10000,paired: same patient resample for all methods and seeds,test-sampling variance only (patient-cluster bootstrap); excludes fine-tune-seed and pre-training variance
pn_b,r2,pcl-dro,seed43,-0.03306925020117173,-0.036101159189715994,-0.03017253126926999,10000,paired: same patient resample for all methods and seeds,test-sampling variance only (patient-cluster bootstrap); excludes fine-tune-seed and pre-training variance
pn_b,r2,pcl-dro,seed44,0.021274822262078087,0.01801098019837309,0.02442137274099743,10000,paired: same patient resample for all methods and seeds,test-sampling variance only (patient-cluster bootstrap); excludes fine-tune-seed and pre-training variance
pn_b,r2,erm-dro,mean_over_seeds,0.003951047728131715,0.002771767217325581,0.005156889832537153,10000,paired: same patient resample for all methods and seeds,test-sampling variance only (patient-cluster bootstrap); excludes fine-tune-seed and pre-training variance
pn_b,r2,erm-dro,seed42,0.002652901176833451,0.0005097832813348053,0.004764584573980232,10000,paired: same patient resample for all methods and seeds,test-sampling variance only (patient-cluster bootstrap); excludes fine-tune-seed and pre-training variance
pn_b,r2,erm-dro,seed43,-0.028950479217009065,-0.03284165638155168,-0.02505193817413026,10000,paired: same patient resample for all methods and seeds,test-sampling variance only (patient-cluster bootstrap); excludes fine-tune-seed and pre-training variance
pn_b,r2,erm-dro,seed44,0.038150721224570756,0.03513287030875645,0.04122417929342319,10000,paired: same patient resample for all methods and seeds,test-sampling variance only (patient-cluster bootstrap); excludes fine-tune-seed and pre-training variance
pn_b,mae,erm,mean_over_seeds,5.893391030364735,5.5918998505057855,6.210374566354004,10000,paired: same patient resample for all methods and seeds,test-sampling variance only (patient-cluster bootstrap); excludes fine-tune-seed and pre-training variance
pn_b,mae,pcl,mean_over_seeds,5.854765103585183,5.548317635031125,6.17556353275058,10000,paired: same patient resample for all methods and seeds,test-sampling variance only (patient-cluster bootstrap); excludes fine-tune-seed and pre-training variance
pn_b,mae,dro,mean_over_seeds,5.9543163795017415,5.65160111581467,6.270796281357838,10000,paired: same patient resample for all methods and seeds,test-sampling variance only (patient-cluster bootstrap); excludes fine-tune-seed and pre-training variance
pn_b,mae,pcl-erm,mean_over_seeds,-0.03862592677955206,-0.061295848240464725,-0.016093772906939998,10000,paired: same patient resample for all methods and seeds,test-sampling variance only (patient-cluster bootstrap); excludes fine-tune-seed and pre-training variance
pn_b,mae,pcl-erm,seed42,0.11299586935009136,0.0724343742599293,0.15299961093443443,10000,paired: same patient resample for all methods and seeds,test-sampling variance only (patient-cluster bootstrap); excludes fine-tune-seed and pre-training variance
pn_b,mae,pcl-erm,seed43,0.1021457094948914,0.07158043877715015,0.13239544391535282,10000,paired: same patient resample for all methods and seeds,test-sampling variance only (patient-cluster bootstrap); excludes fine-tune-seed and pre-training variance
pn_b,mae,pcl-erm,seed44,-0.33101935918363895,-0.36115657404509766,-0.3011382678758713,10000,paired: same patient resample for all methods and seeds,test-sampling variance only (patient-cluster bootstrap); excludes fine-tune-seed and pre-training variance
pn_b,mae,pcl-dro,mean_over_seeds,-0.09955127591655956,-0.1196494850519891,-0.07973656049828652,10000,paired: same patient resample for all methods and seeds,test-sampling variance only (patient-cluster bootstrap); excludes fine-tune-seed and pre-training variance
pn_b,mae,pcl-dro,seed42,0.1737514697268929,0.1355700814923198,0.2105966711634754,10000,paired: same patient resample for all methods and seeds,test-sampling variance only (patient-cluster bootstrap); excludes fine-tune-seed and pre-training variance
pn_b,mae,pcl-dro,seed43,-0.21724042475810273,-0.25938413193974574,-0.17499600890621822,10000,paired: same patient resample for all methods and seeds,test-sampling variance only (patient-cluster bootstrap); excludes fine-tune-seed and pre-training variance
pn_b,mae,pcl-dro,seed44,-0.25516487271846877,-0.28611982162189564,-0.22403118180780154,10000,paired: same patient resample for all methods and seeds,test-sampling variance only (patient-cluster bootstrap); excludes fine-tune-seed and pre-training variance
pn_b,mae,erm-dro,mean_over_seeds,-0.06092534913700749,-0.07285403821159539,-0.04897689676511688,10000,paired: same patient resample for all methods and seeds,test-sampling variance only (patient-cluster bootstrap); excludes fine-tune-seed and pre-training variance
pn_b,mae,erm-dro,seed42,0.06075560037680154,0.03780690453938022,0.08399777555991643,10000,paired: same patient resample for all methods and seeds,test-sampling variance only (patient-cluster bootstrap); excludes fine-tune-seed and pre-training variance
pn_b,mae,erm-dro,seed43,-0.3193861342529941,-0.36458723632349943,-0.2730105322586095,10000,paired: same patient resample for all methods and seeds,test-sampling variance only (patient-cluster bootstrap); excludes fine-tune-seed and pre-training variance
pn_b,mae,erm-dro,seed44,0.07585448646517018,0.02938194344593688,0.12273032311472377,10000,paired: same patient resample for all methods and seeds,test-sampling variance only (patient-cluster bootstrap); excludes fine-tune-seed and pre-training variance
mimic,r2,erm,mean_over_seeds,-0.11866085588799899,-0.12782639634029244,-0.10962519451494142,10000,paired: same patient resample for all methods and seeds,test-sampling variance only (patient-cluster bootstrap); excludes fine-tune-seed and pre-training variance
mimic,r2,pcl,mean_over_seeds,-0.1306644748267751,-0.1405279426844299,-0.12102138566645348,10000,paired: same patient resample for all methods and seeds,test-sampling variance only (patient-cluster bootstrap); excludes fine-tune-seed and pre-training variance
mimic,r2,dro,mean_over_seeds,-0.12469117936885941,-0.1341555015496941,-0.11535938038330759,10000,paired: same patient resample for all methods and seeds,test-sampling variance only (patient-cluster bootstrap); excludes fine-tune-seed and pre-training variance
mimic,r2,pcl-erm,mean_over_seeds,-0.012003618938776104,-0.01298954955611745,-0.011006097427755141,10000,paired: same patient resample for all methods and seeds,test-sampling variance only (patient-cluster bootstrap); excludes fine-tune-seed and pre-training variance
mimic,r2,pcl-erm,seed42,-0.006483372887405812,-0.007341088725873651,-0.005666827921795276,10000,paired: same patient resample for all methods and seeds,test-sampling variance only (patient-cluster bootstrap); excludes fine-tune-seed and pre-training variance
mimic,r2,pcl-erm,seed43,-0.0183019902443055,-0.019920112933240215,-0.016699207408062085,10000,paired: same patient resample for all methods and seeds,test-sampling variance only (patient-cluster bootstrap); excludes fine-tune-seed and pre-training variance
mimic,r2,pcl-erm,seed44,-0.011225493684617003,-0.012360046993293471,-0.010118785034544631,10000,paired: same patient resample for all methods and seeds,test-sampling variance only (patient-cluster bootstrap); excludes fine-tune-seed and pre-training variance
mimic,r2,pcl-dro,mean_over_seeds,-0.005973295457915683,-0.0065056281159520885,-0.005434713178084545,10000,paired: same patient resample for all methods and seeds,test-sampling variance only (patient-cluster bootstrap); excludes fine-tune-seed and pre-training variance
mimic,r2,pcl-dro,seed42,-0.004888618134803125,-0.005499034596945585,-0.004282578076002974,10000,paired: same patient resample for all methods and seeds,test-sampling variance only (patient-cluster bootstrap); excludes fine-tune-seed and pre-training variance
mimic,r2,pcl-dro,seed43,-0.006112680992995294,-0.006821371464079784,-0.005444952302782619,10000,paired: same patient resample for all methods and seeds,test-sampling variance only (patient-cluster bootstrap); excludes fine-tune-seed and pre-training variance
mimic,r2,pcl-dro,seed44,-0.006918587245948629,-0.007737721481667082,-0.006089902392223734,10000,paired: same patient resample for all methods and seeds,test-sampling variance only (patient-cluster bootstrap); excludes fine-tune-seed and pre-training variance
mimic,r2,erm-dro,mean_over_seeds,0.006030323480860422,0.005511549365983561,0.006571184592744638,10000,paired: same patient resample for all methods and seeds,test-sampling variance only (patient-cluster bootstrap); excludes fine-tune-seed and pre-training variance
mimic,r2,erm-dro,seed42,0.0015947547526026877,0.0009240050960784397,0.0022804901646860994,10000,paired: same patient resample for all methods and seeds,test-sampling variance only (patient-cluster bootstrap); excludes fine-tune-seed and pre-training variance
mimic,r2,erm-dro,seed43,0.012189309251310204,0.010916637290953407,0.013471561508002848,10000,paired: same patient resample for all methods and seeds,test-sampling variance only (patient-cluster bootstrap); excludes fine-tune-seed and pre-training variance
mimic,r2,erm-dro,seed44,0.004306906438668375,0.003622196470746414,0.005015081124139209,10000,paired: same patient resample for all methods and seeds,test-sampling variance only (patient-cluster bootstrap); excludes fine-tune-seed and pre-training variance
mimic,mae,erm,mean_over_seeds,61.93860832037292,60.0114054235713,63.886376443294225,10000,paired: same patient resample for all methods and seeds,test-sampling variance only (patient-cluster bootstrap); excludes fine-tune-seed and pre-training variance
mimic,mae,pcl,mean_over_seeds,62.35317509613265,60.41893085056517,64.31680982367419,10000,paired: same patient resample for all methods and seeds,test-sampling variance only (patient-cluster bootstrap); excludes fine-tune-seed and pre-training variance
mimic,mae,dro,mean_over_seeds,62.34622104665253,60.416937817698525,64.29815620734536,10000,paired: same patient resample for all methods and seeds,test-sampling variance only (patient-cluster bootstrap); excludes fine-tune-seed and pre-training variance
mimic,mae,pcl-erm,mean_over_seeds,0.4145667757597418,0.38165827631332494,0.44775541007115843,10000,paired: same patient resample for all methods and seeds,test-sampling variance only (patient-cluster bootstrap); excludes fine-tune-seed and pre-training variance
mimic,mae,pcl-erm,seed42,0.16079994921255783,0.11191391922755241,0.20994264278421357,10000,paired: same patient resample for all methods and seeds,test-sampling variance only (patient-cluster bootstrap); excludes fine-tune-seed and pre-training variance
mimic,mae,pcl-erm,seed43,0.6496017393855642,0.5997774701529941,0.698826123893892,10000,paired: same patient resample for all methods and seeds,test-sampling variance only (patient-cluster bootstrap); excludes fine-tune-seed and pre-training variance
mimic,mae,pcl-erm,seed44,0.43329863868110335,0.3918981763062018,0.47450126478652394,10000,paired: same patient resample for all methods and seeds,test-sampling variance only (patient-cluster bootstrap); excludes fine-tune-seed and pre-training variance
mimic,mae,pcl-dro,mean_over_seeds,0.006954049480127909,-0.018293799096928964,0.03278685826583949,10000,paired: same patient resample for all methods and seeds,test-sampling variance only (patient-cluster bootstrap); excludes fine-tune-seed and pre-training variance
mimic,mae,pcl-dro,seed42,-0.6166289132684144,-0.667328030636955,-0.5654002726429258,10000,paired: same patient resample for all methods and seeds,test-sampling variance only (patient-cluster bootstrap); excludes fine-tune-seed and pre-training variance
mimic,mae,pcl-dro,seed43,0.04786569234940888,0.012609389421552033,0.08377823618913455,10000,paired: same patient resample for all methods and seeds,test-sampling variance only (patient-cluster bootstrap); excludes fine-tune-seed and pre-training variance
mimic,mae,pcl-dro,seed44,0.5896253693593895,0.5543062945046646,0.625363624566042,10000,paired: same patient resample for all methods and seeds,test-sampling variance only (patient-cluster bootstrap); excludes fine-tune-seed and pre-training variance
mimic,mae,erm-dro,mean_over_seeds,-0.40761272627961387,-0.42454947871025583,-0.3909070163890355,10000,paired: same patient resample for all methods and seeds,test-sampling variance only (patient-cluster bootstrap); excludes fine-tune-seed and pre-training variance
mimic,mae,erm-dro,seed42,-0.7774288624809722,-0.813452322416183,-0.7423423170855352,10000,paired: same patient resample for all methods and seeds,test-sampling variance only (patient-cluster bootstrap); excludes fine-tune-seed and pre-training variance
mimic,mae,erm-dro,seed43,-0.6017360470361552,-0.6430645575124865,-0.5596931945311432,10000,paired: same patient resample for all methods and seeds,test-sampling variance only (patient-cluster bootstrap); excludes fine-tune-seed and pre-training variance
mimic,mae,erm-dro,seed44,0.15632673067828604,0.11990686340731589,0.1925622665343603,10000,paired: same patient resample for all methods and seeds,test-sampling variance only (patient-cluster bootstrap); excludes fine-tune-seed and pre-training variance
eicu,r2,erm,mean_over_seeds,-0.12093797072679349,-0.12818099161448496,-0.11354146914332283,10000,paired: same patient resample for all methods and seeds,test-sampling variance only (patient-cluster bootstrap); excludes fine-tune-seed and pre-training variance
eicu,r2,pcl,mean_over_seeds,-0.13425256127901522,-0.14207661238259334,-0.12612694108675973,10000,paired: same patient resample for all methods and seeds,test-sampling variance only (patient-cluster bootstrap); excludes fine-tune-seed and pre-training variance
eicu,r2,dro,mean_over_seeds,-0.12875958243891994,-0.13635636350462021,-0.12091896851967365,10000,paired: same patient resample for all methods and seeds,test-sampling variance only (patient-cluster bootstrap); excludes fine-tune-seed and pre-training variance
eicu,r2,pcl-erm,mean_over_seeds,-0.013314590552221688,-0.014211127425409023,-0.012369960478389171,10000,paired: same patient resample for all methods and seeds,test-sampling variance only (patient-cluster bootstrap); excludes fine-tune-seed and pre-training variance
eicu,r2,pcl-erm,seed42,-0.018280391289655796,-0.019642692190650107,-0.016875663223439592,10000,paired: same patient resample for all methods and seeds,test-sampling variance only (patient-cluster bootstrap); excludes fine-tune-seed and pre-training variance
eicu,r2,pcl-erm,seed43,-0.010317717892039915,-0.011208620569289113,-0.009439477003351671,10000,paired: same patient resample for all methods and seeds,test-sampling variance only (patient-cluster bootstrap); excludes fine-tune-seed and pre-training variance
eicu,r2,pcl-erm,seed44,-0.011345662474969357,-0.012287899266864282,-0.010388851320306326,10000,paired: same patient resample for all methods and seeds,test-sampling variance only (patient-cluster bootstrap); excludes fine-tune-seed and pre-training variance
eicu,r2,pcl-dro,mean_over_seeds,-0.0054929788400952485,-0.005902892044655106,-0.005082226603459336,10000,paired: same patient resample for all methods and seeds,test-sampling variance only (patient-cluster bootstrap); excludes fine-tune-seed and pre-training variance
eicu,r2,pcl-dro,seed42,-0.01015421510078136,-0.010916600511538282,-0.009399478151583035,10000,paired: same patient resample for all methods and seeds,test-sampling variance only (patient-cluster bootstrap); excludes fine-tune-seed and pre-training variance
eicu,r2,pcl-dro,seed43,-0.004661525430108265,-0.005212460410179065,-0.004101065440198848,10000,paired: same patient resample for all methods and seeds,test-sampling variance only (patient-cluster bootstrap); excludes fine-tune-seed and pre-training variance
eicu,r2,pcl-dro,seed44,-0.001663195989396121,-0.002214034447519142,-0.001137657358601052,10000,paired: same patient resample for all methods and seeds,test-sampling variance only (patient-cluster bootstrap); excludes fine-tune-seed and pre-training variance
eicu,r2,erm-dro,mean_over_seeds,0.00782161171212644,0.007211004864875076,0.008396916334230663,10000,paired: same patient resample for all methods and seeds,test-sampling variance only (patient-cluster bootstrap); excludes fine-tune-seed and pre-training variance
eicu,r2,erm-dro,seed42,0.008126176188874436,0.007310987637178618,0.00895888131692077,10000,paired: same patient resample for all methods and seeds,test-sampling variance only (patient-cluster bootstrap); excludes fine-tune-seed and pre-training variance
eicu,r2,erm-dro,seed43,0.005656192461931648,0.004892802632897653,0.006424474235273369,10000,paired: same patient resample for all methods and seeds,test-sampling variance only (patient-cluster bootstrap); excludes fine-tune-seed and pre-training variance
eicu,r2,erm-dro,seed44,0.009682466485573235,0.008812852497622242,0.01052473388562103,10000,paired: same patient resample for all methods and seeds,test-sampling variance only (patient-cluster bootstrap); excludes fine-tune-seed and pre-training variance
eicu,mae,erm,mean_over_seeds,49.70181940017368,48.59974454288419,50.85074767008023,10000,paired: same patient resample for all methods and seeds,test-sampling variance only (patient-cluster bootstrap); excludes fine-tune-seed and pre-training variance
eicu,mae,pcl,mean_over_seeds,50.16837151760667,49.063562608013015,51.32195970930952,10000,paired: same patient resample for all methods and seeds,test-sampling variance only (patient-cluster bootstrap); excludes fine-tune-seed and pre-training variance
eicu,mae,dro,mean_over_seeds,50.138119207902086,49.03781492605006,51.28615567500661,10000,paired: same patient resample for all methods and seeds,test-sampling variance only (patient-cluster bootstrap); excludes fine-tune-seed and pre-training variance
eicu,mae,pcl-erm,mean_over_seeds,0.46655211743299224,0.4447057189893613,0.48791160591121796,10000,paired: same patient resample for all methods and seeds,test-sampling variance only (patient-cluster bootstrap); excludes fine-tune-seed and pre-training variance
eicu,mae,pcl-erm,seed42,0.665099029080229,0.6268192001154995,0.7031914668673958,10000,paired: same patient resample for all methods and seeds,test-sampling variance only (patient-cluster bootstrap); excludes fine-tune-seed and pre-training variance
eicu,mae,pcl-erm,seed43,-0.005235300659436513,-0.03630053247777561,0.02557906471124534,10000,paired: same patient resample for all methods and seeds,test-sampling variance only (patient-cluster bootstrap); excludes fine-tune-seed and pre-training variance
eicu,mae,pcl-erm,seed44,0.7397926238781843,0.7104489818494969,0.7683289966072028,10000,paired: same patient resample for all methods and seeds,test-sampling variance only (patient-cluster bootstrap); excludes fine-tune-seed and pre-training variance
eicu,mae,pcl-dro,mean_over_seeds,0.030252309704586595,0.013379893696681045,0.04618831684953832,10000,paired: same patient resample for all methods and seeds,test-sampling variance only (patient-cluster bootstrap); excludes fine-tune-seed and pre-training variance
eicu,mae,pcl-dro,seed42,0.31934752732411154,0.28919936499474586,0.3493095828275125,10000,paired: same patient resample for all methods and seeds,test-sampling variance only (patient-cluster bootstrap); excludes fine-tune-seed and pre-training variance
eicu,mae,pcl-dro,seed43,-0.6576562864906839,-0.6959937658723374,-0.619767665152847,10000,paired: same patient resample for all methods and seeds,test-sampling variance only (patient-cluster bootstrap); excludes fine-tune-seed and pre-training variance
eicu,mae,pcl-dro,seed44,0.4290656882803323,0.4011961998756515,0.45684455375614286,10000,paired: same patient resample for all methods and seeds,test-sampling variance only (patient-cluster bootstrap); excludes fine-tune-seed and pre-training variance
eicu,mae,erm-dro,mean_over_seeds,-0.4362998077284057,-0.44898024463171604,-0.42347072197132096,10000,paired: same patient resample for all methods and seeds,test-sampling variance only (patient-cluster bootstrap); excludes fine-tune-seed and pre-training variance
eicu,mae,erm-dro,seed42,-0.3457515017561175,-0.37359325952035805,-0.31809017377562265,10000,paired: same patient resample for all methods and seeds,test-sampling variance only (patient-cluster bootstrap); excludes fine-tune-seed and pre-training variance
eicu,mae,erm-dro,seed43,-0.6524209858312473,-0.6846461184548568,-0.6203096220482041,10000,paired: same patient resample for all methods and seeds,test-sampling variance only (patient-cluster bootstrap); excludes fine-tune-seed and pre-training variance
eicu,mae,erm-dro,seed44,-0.310726935597852,-0.33586474835818214,-0.2861633996968388,10000,paired: same patient resample for all methods and seeds,test-sampling variance only (patient-cluster bootstrap); excludes fine-tune-seed and pre-training variance
pn_a_val,r2,erm,mean_over_seeds,0.2673372124280135,nan,nan,10000,"per-seed (val splits differ by seed; averaged point estimates, intervals are per-seed)",test-sampling variance only (patient-cluster bootstrap); excludes fine-tune-seed and pre-training variance
pn_a_val,r2,pcl,mean_over_seeds,0.25802601718509977,nan,nan,10000,"per-seed (val splits differ by seed; averaged point estimates, intervals are per-seed)",test-sampling variance only (patient-cluster bootstrap); excludes fine-tune-seed and pre-training variance
pn_a_val,r2,dro,mean_over_seeds,0.272300399668294,nan,nan,10000,"per-seed (val splits differ by seed; averaged point estimates, intervals are per-seed)",test-sampling variance only (patient-cluster bootstrap); excludes fine-tune-seed and pre-training variance
pn_a_val,r2,pcl-erm,mean_over_seeds,-0.009311195242913727,nan,nan,10000,"per-seed (val splits differ by seed; averaged point estimates, intervals are per-seed)",test-sampling variance only (patient-cluster bootstrap); excludes fine-tune-seed and pre-training variance
pn_a_val,r2,pcl-erm,seed42,-0.010562134024299086,-0.018621058655266805,-0.002180764721368062,10000,"per-seed (val splits differ by seed; averaged point estimates, intervals are per-seed)",test-sampling variance only (patient-cluster bootstrap); excludes fine-tune-seed and pre-training variance
pn_a_val,r2,pcl-erm,seed43,-0.01636345540875824,-0.027947678639847835,-0.0041162209725423725,10000,"per-seed (val splits differ by seed; averaged point estimates, intervals are per-seed)",test-sampling variance only (patient-cluster bootstrap); excludes fine-tune-seed and pre-training variance
pn_a_val,r2,pcl-erm,seed44,-0.0010079962956838515,-0.012372337676568873,0.010827427697090618,10000,"per-seed (val splits differ by seed; averaged point estimates, intervals are per-seed)",test-sampling variance only (patient-cluster bootstrap); excludes fine-tune-seed and pre-training variance
pn_a_val,r2,pcl-dro,mean_over_seeds,-0.01427438248319421,nan,nan,10000,"per-seed (val splits differ by seed; averaged point estimates, intervals are per-seed)",test-sampling variance only (patient-cluster bootstrap); excludes fine-tune-seed and pre-training variance
pn_a_val,r2,pcl-dro,seed42,-0.014920752671938726,-0.022945831038522845,-0.0059106753655673696,10000,"per-seed (val splits differ by seed; averaged point estimates, intervals are per-seed)",test-sampling variance only (patient-cluster bootstrap); excludes fine-tune-seed and pre-training variance
pn_a_val,r2,pcl-dro,seed43,-0.019625023523575164,-0.02741404580486886,-0.011545393935676319,10000,"per-seed (val splits differ by seed; averaged point estimates, intervals are per-seed)",test-sampling variance only (patient-cluster bootstrap); excludes fine-tune-seed and pre-training variance
pn_a_val,r2,pcl-dro,seed44,-0.008277371254068742,-0.017432751471998176,0.001331375324530098,10000,"per-seed (val splits differ by seed; averaged point estimates, intervals are per-seed)",test-sampling variance only (patient-cluster bootstrap); excludes fine-tune-seed and pre-training variance
pn_a_val,r2,erm-dro,mean_over_seeds,-0.004963187240280483,nan,nan,10000,"per-seed (val splits differ by seed; averaged point estimates, intervals are per-seed)",test-sampling variance only (patient-cluster bootstrap); excludes fine-tune-seed and pre-training variance
pn_a_val,r2,erm-dro,seed42,-0.004358618647639638,-0.0107915044549803,0.0028770328266077773,10000,"per-seed (val splits differ by seed; averaged point estimates, intervals are per-seed)",test-sampling variance only (patient-cluster bootstrap); excludes fine-tune-seed and pre-training variance
pn_a_val,r2,erm-dro,seed43,-0.0032615681148169214,-0.015481195602601364,0.009407837762681824,10000,"per-seed (val splits differ by seed; averaged point estimates, intervals are per-seed)",test-sampling variance only (patient-cluster bootstrap); excludes fine-tune-seed and pre-training variance
pn_a_val,r2,erm-dro,seed44,-0.007269374958384891,-0.015617171680251452,0.001250364424291705,10000,"per-seed (val splits differ by seed; averaged point estimates, intervals are per-seed)",test-sampling variance only (patient-cluster bootstrap); excludes fine-tune-seed and pre-training variance
pn_a_val,mae,erm,mean_over_seeds,6.721039302636264,nan,nan,10000,"per-seed (val splits differ by seed; averaged point estimates, intervals are per-seed)",test-sampling variance only (patient-cluster bootstrap); excludes fine-tune-seed and pre-training variance
pn_a_val,mae,pcl,mean_over_seeds,6.364465902828975,nan,nan,10000,"per-seed (val splits differ by seed; averaged point estimates, intervals are per-seed)",test-sampling variance only (patient-cluster bootstrap); excludes fine-tune-seed and pre-training variance
pn_a_val,mae,dro,mean_over_seeds,6.706678834359578,nan,nan,10000,"per-seed (val splits differ by seed; averaged point estimates, intervals are per-seed)",test-sampling variance only (patient-cluster bootstrap); excludes fine-tune-seed and pre-training variance
pn_a_val,mae,pcl-erm,mean_over_seeds,-0.35657339980728914,nan,nan,10000,"per-seed (val splits differ by seed; averaged point estimates, intervals are per-seed)",test-sampling variance only (patient-cluster bootstrap); excludes fine-tune-seed and pre-training variance
pn_a_val,mae,pcl-erm,seed42,-0.23565199478289,-0.3351639726957456,-0.13760005416466062,10000,"per-seed (val splits differ by seed; averaged point estimates, intervals are per-seed)",test-sampling variance only (patient-cluster bootstrap); excludes fine-tune-seed and pre-training variance
pn_a_val,mae,pcl-erm,seed43,-0.2718488007605621,-0.37940688521229554,-0.16284951957074448,10000,"per-seed (val splits differ by seed; averaged point estimates, intervals are per-seed)",test-sampling variance only (patient-cluster bootstrap); excludes fine-tune-seed and pre-training variance
pn_a_val,mae,pcl-erm,seed44,-0.5622194038784153,-0.6725513294791166,-0.4548960362940837,10000,"per-seed (val splits differ by seed; averaged point estimates, intervals are per-seed)",test-sampling variance only (patient-cluster bootstrap); excludes fine-tune-seed and pre-training variance
pn_a_val,mae,pcl-dro,mean_over_seeds,-0.34221293153060306,nan,nan,10000,"per-seed (val splits differ by seed; averaged point estimates, intervals are per-seed)",test-sampling variance only (patient-cluster bootstrap); excludes fine-tune-seed and pre-training variance
pn_a_val,mae,pcl-dro,seed42,-0.22417797223873076,-0.30463032619162284,-0.14655712349918734,10000,"per-seed (val splits differ by seed; averaged point estimates, intervals are per-seed)",test-sampling variance only (patient-cluster bootstrap); excludes fine-tune-seed and pre-training variance
pn_a_val,mae,pcl-dro,seed43,-0.3768663208654309,-0.4812692538441863,-0.27095872624653894,10000,"per-seed (val splits differ by seed; averaged point estimates, intervals are per-seed)",test-sampling variance only (patient-cluster bootstrap); excludes fine-tune-seed and pre-training variance
pn_a_val,mae,pcl-dro,seed44,-0.42559450148764755,-0.5290356316013177,-0.3216511358592628,10000,"per-seed (val splits differ by seed; averaged point estimates, intervals are per-seed)",test-sampling variance only (patient-cluster bootstrap); excludes fine-tune-seed and pre-training variance
pn_a_val,mae,erm-dro,mean_over_seeds,0.014360468276686123,nan,nan,10000,"per-seed (val splits differ by seed; averaged point estimates, intervals are per-seed)",test-sampling variance only (patient-cluster bootstrap); excludes fine-tune-seed and pre-training variance
pn_a_val,mae,erm-dro,seed42,0.011474022544159248,-0.08511773055714349,0.10603224819074997,10000,"per-seed (val splits differ by seed; averaged point estimates, intervals are per-seed)",test-sampling variance only (patient-cluster bootstrap); excludes fine-tune-seed and pre-training variance
pn_a_val,mae,erm-dro,seed43,-0.1050175201048688,-0.2214803549665978,0.011746231982728103,10000,"per-seed (val splits differ by seed; averaged point estimates, intervals are per-seed)",test-sampling variance only (patient-cluster bootstrap); excludes fine-tune-seed and pre-training variance
pn_a_val,mae,erm-dro,seed44,0.1366249023907679,0.053628127162824904,0.21921429034891068,10000,"per-seed (val splits differ by seed; averaged point estimates, intervals are per-seed)",test-sampling variance only (patient-cluster bootstrap); excludes fine-tune-seed and pre-training variance
