domain,n,signal,ckpt_hit,ckpt_random_hit,ckpt_random_regret,ckpt_regret,higher_is_better,kendall_tau_b,loso_max,loso_min,perm_p,rho_correct_positive,seed_hit,seed_random_hit,seed_random_regret,seed_regret
eicu,9,violation,0.0,0.1111111111111111,0.007293343002034818,0.004911732640248578,False,0.3888888888888889,0.6571428571428573,0.3714285714285715,0.22937770622293777,0.45,0.3333333333333333,0.3333333333333333,0.005982918938966458,0.0039050291719811745
eicu,9,recon_mse,0.0,0.1111111111111111,0.007293343002034818,0.004911732640248578,False,0.3888888888888889,0.6,0.48571428571428577,0.0977190228097719,0.6,0.3333333333333333,0.3333333333333333,0.005982918938966458,0.0039050291719811745
eicu,9,repr_dist,0.0,0.1111111111111111,0.007293343002034818,0.009915769472080393,False,-0.2222222222222222,-0.08571428571428573,-0.6571428571428573,0.3846361536384636,-0.33333333333333337,0.0,0.3333333333333333,0.005982918938966458,0.011324493860995322
eicu,9,mmd,1.0,0.1111111111111111,0.007293343002034818,0.0,False,0.0,0.3714285714285715,-0.48571428571428577,0.981280187198128,-0.016666666666666666,0.6666666666666666,0.3333333333333333,0.005982918938966458,0.0022677849585649814
eicu,9,source_val,0.0,0.1111111111111111,0.007293343002034818,0.004911732640248578,True,0.16666666666666666,0.5428571428571429,-0.14285714285714288,0.6779332206677933,0.16666666666666669,0.0,0.3333333333333333,0.005982918938966458,0.006624262955904052
mimic,9,violation,0.0,0.1111111111111111,0.010153076555632825,0.011776952749442016,False,0.16666666666666666,0.4285714285714286,0.3142857142857143,0.4080259197408026,0.31666666666666665,0.3333333333333333,0.3333333333333333,0.005910085438020616,0.004251338837564234
mimic,9,recon_mse,0.0,0.1111111111111111,0.010153076555632825,0.011776952749442016,False,0.3888888888888889,0.6,0.48571428571428577,0.13297867021329787,0.5499999999999999,0.3333333333333333,0.3333333333333333,0.005910085438020616,0.004251338837564234
mimic,9,repr_dist,0.0,0.1111111111111111,0.010153076555632825,0.015820324457375134,False,-0.4444444444444444,-0.4285714285714286,-0.8285714285714287,0.07541924580754192,-0.6333333333333333,0.0,0.3333333333333333,0.005910085438020616,0.011642905361182251
mimic,9,mmd,0.0,0.1111111111111111,0.010153076555632825,0.01030372791103873,False,-0.2222222222222222,-0.08571428571428573,-0.6571428571428573,0.35964640353596466,-0.35,0.3333333333333333,0.3333333333333333,0.005910085438020616,0.003912501193403066
mimic,9,source_val,0.0,0.1111111111111111,0.010153076555632825,0.011776952749442016,True,0.1111111111111111,0.48571428571428577,0.08571428571428573,0.5192248077519225,0.25,0.0,0.3333333333333333,0.005910085438020616,0.0060873509528796
physionet_b,9,violation,1.0,0.1111111111111111,0.024316585962835605,0.0,False,0.5555555555555556,0.8285714285714287,0.5428571428571429,0.03689963100368996,0.7166666666666667,0.6666666666666666,0.3333333333333333,0.017716810115019514,0.000889405064128305
physionet_b,9,recon_mse,1.0,0.1111111111111111,0.024316585962835605,0.0,False,0.611111111111111,0.8285714285714287,0.7142857142857143,0.03184968150318497,0.7333333333333334,1.0,0.3333333333333333,0.017716810115019514,0.0
physionet_b,9,repr_dist,0.0,0.1111111111111111,0.024316585962835605,0.0332067360383842,False,-0.3333333333333333,-0.14285714285714288,-0.7714285714285715,0.3841961580384196,-0.33333333333333337,0.0,0.3333333333333333,0.017716810115019514,0.03009131321834894
physionet_b,9,mmd,0.0,0.1111111111111111,0.024316585962835605,0.028636671253197132,False,0.16666666666666666,0.7142857142857143,0.028571428571428574,0.4371956280437196,0.3,0.3333333333333333,0.3333333333333333,0.017716810115019514,0.01043496214852735
physionet_b,9,source_val,1.0,0.1111111111111111,0.024316585962835605,0.0,True,0.2222222222222222,0.7714285714285715,0.08571428571428573,0.43573564264357356,0.3,0.3333333333333333,0.3333333333333333,0.017716810115019514,0.01351356004231056
pooled,27,violation,,,,,False,0.15099715099715103,0.28998968008255926,0.1042311661506708,0.32004679953200466,0.1984126984126984,,,,
pooled,27,recon_mse,,,,,False,0.2592592592592593,0.42002063983488136,0.35810113519091846,0.05583944160558394,0.3742368742368742,,,,
pooled,27,repr_dist,,,,,False,-0.737891737891738,-0.87203302373581,-0.9360165118679051,9.99990000099999e-06,-0.8956043956043956,,,,
pooled,27,mmd,,,,,False,-0.6923076923076924,-0.8782249742002064,-0.9071207430340558,9.99990000099999e-06,-0.8876678876678876,,,,
pooled,27,source_val,,,,,True,0.059306723631513764,0.17869743453458894,0.0031350427111331387,0.6746932530674693,0.08471584175017392,,,,
eicu,9,oracle,1.0,,,0.0,,,,,,,1.0,,,0.0
mimic,9,oracle,1.0,,,0.0,,,,,,,1.0,,,0.0
physionet_b,9,oracle,1.0,,,0.0,,,,,,,1.0,,,0.0
