task,split,method,seed,metric,in_domain,n_in_domain,zero_shot,zero_shot_target,gap,zero_shot_auroc_ci_lo,zero_shot_auroc_ci_hi
mortality,eicu->eicu (val),dro,42,AUROC,0.8426862095838944,,0.8155824526002706,mimic,0.027103756983623772,0.8111921318602855,0.8205092149930356
mortality,eicu->eicu (val),dro,43,AUROC,0.8336399762752392,,0.8200150324002144,mimic,0.013624943875024775,0.8156488257820362,0.8246853249323137
mortality,eicu->eicu (val),dro,44,AUROC,0.8455633547718646,,0.8217268407148509,mimic,0.023836514057013702,0.8174300035823415,0.8263822068249534
mortality,mimic->mimic (val),dro,42,AUROC,0.8578065293601352,,0.7701569080443316,eicu,0.08764962131580367,0.7651351664225894,0.7746658079781681
mortality,mimic->mimic (val),dro,43,AUROC,0.8550435609652867,,0.7770506556313489,eicu,0.07799290533393777,0.7724190346422652,0.7811394574460071
mortality,mimic->mimic (val),dro,44,AUROC,0.8561893921906839,,0.7448274923579568,eicu,0.11136189983272715,0.7398504376105188,0.7493167617891537
mortality,eicu->eicu (val),erm,42,AUROC,0.8436510829757002,,0.8201747975289939,mimic,0.023476285446706324,0.8157220845757598,0.8248834706011541
mortality,eicu->eicu (val),erm,43,AUROC,0.8314553185537406,,0.8164780176357502,mimic,0.014977300917990322,0.8120663532174314,0.8210584426266071
mortality,eicu->eicu (val),erm,44,AUROC,0.8470843982903403,,0.8209143953239652,mimic,0.026170002966375172,0.8164313408691874,0.8258426730412374
mortality,mimic->mimic (val),erm,42,AUROC,0.8584108282122631,,0.7496258119962028,eicu,0.10878501621606029,0.744601388975147,0.7540798894578764
mortality,mimic->mimic (val),erm,43,AUROC,0.853839036222432,,0.7647833221076548,eicu,0.0890557141147772,0.7599213046719215,0.769098078567554
mortality,mimic->mimic (val),erm,44,AUROC,0.8555709237202069,,0.7655931612435054,eicu,0.08997776247670153,0.7604932245265422,0.7698109385536362
mortality,eicu->eicu (val),pcl,42,AUROC,0.8405050433062526,,0.8021080569442796,mimic,0.038396986361973084,0.7971153606620021,0.8072656485594569
mortality,eicu->eicu (val),pcl,43,AUROC,0.8328729957890699,,0.8106592917947657,mimic,0.022213703994304224,0.8061291387860633,0.8155136954084166
mortality,eicu->eicu (val),pcl,44,AUROC,0.8401892319926918,,0.8120120183055299,mimic,0.02817721368716186,0.8074128491401675,0.8169975219648152
mortality,mimic->mimic (val),pcl,42,AUROC,0.8564013148033883,,0.7484214645627026,eicu,0.10797985024068568,0.743352714051898,0.7529338907545811
mortality,mimic->mimic (val),pcl,43,AUROC,0.8511537542071548,,0.7479975082992278,eicu,0.10315624590792694,0.7430880750265448,0.7524065123658337
mortality,mimic->mimic (val),pcl,44,AUROC,0.8504563774686862,,0.7355383513579091,eicu,0.11491802611077706,0.7306201840395034,0.7399626763339674
los,physionet_a (val),dro,42,R2,0.2721518589185268,2077,0.22755795637638143,physionet_b,0.04459390254214535,,
los,physionet_a (val),dro,42,R2,0.2721518589185268,2077,-0.12840464154545228,mimic,0.40055650046397906,,
los,physionet_a (val),dro,42,R2,0.2721518589185268,2077,-0.11219976626723382,eicu,0.3843516251857606,,
los,physionet_a (val),dro,43,R2,0.27457751422687915,2077,0.24475740795669165,physionet_b,0.029820106270187496,,
los,physionet_a (val),dro,43,R2,0.27457751422687915,2077,-0.12987786638385557,mimic,0.4044553806107347,,
los,physionet_a (val),dro,43,R2,0.27457751422687915,2077,-0.10659874293782812,eicu,0.38117625716470727,,
los,physionet_a (val),dro,44,R2,0.2604505531500251,2077,0.20161685186662193,physionet_b,0.05883370128340315,,
los,physionet_a (val),dro,44,R2,0.2604505531500251,2077,-0.12701125918540823,mimic,0.3874618123354333,,
los,physionet_a (val),dro,44,R2,0.2604505531500251,2077,-0.11006658274459391,eicu,0.370517135894619,,
los,physionet_a (val),erm,42,R2,0.2677377675399347,2077,0.23022617156876635,physionet_b,0.03751159597116838,,
los,physionet_a (val),erm,42,R2,0.2677377675399347,2077,-0.1274275777822016,mimic,0.3951653453221363,,
los,physionet_a (val),erm,42,R2,0.2677377675399347,2077,-0.10539641139153888,eicu,0.3731341789314736,,
los,physionet_a (val),erm,43,R2,0.2715202587734459,2077,0.21612073670349452,physionet_b,0.05539952206995136,,
los,physionet_a (val),erm,43,R2,0.2715202587734459,2077,-0.11810091363441355,mimic,0.38962117240785943,,
los,physionet_a (val),erm,43,R2,0.2715202587734459,2077,-0.10168701029757954,eicu,0.3732072690710254,,
los,physionet_a (val),erm,44,R2,0.2530404767255042,2077,0.2394893168011687,physionet_b,0.013551159924335532,,
los,physionet_a (val),erm,44,R2,0.2530404767255042,2077,-0.12150322283946213,mimic,0.37454369956496636,,
los,physionet_a (val),erm,44,R2,0.2530404767255042,2077,-0.10190888139282528,eicu,0.3549493581183295,,
los,physionet_a (val),pcl,42,R2,0.25710582641322566,2077,0.18981117054067875,physionet_b,0.0672946558725469,,
los,physionet_a (val),pcl,42,R2,0.25710582641322566,2077,-0.13392123809178869,mimic,0.39102706450501434,,
los,physionet_a (val),pcl,42,R2,0.25710582641322566,2077,-0.12073539402856959,eicu,0.37784122044179524,,
los,physionet_a (val),pcl,43,R2,0.25456954299598145,2077,0.21155067191830745,physionet_b,0.04301887107767399,,
los,physionet_a (val),pcl,43,R2,0.25456954299598145,2077,-0.1357755295914147,mimic,0.39034507258739615,,
los,physionet_a (val),pcl,43,R2,0.25456954299598145,2077,-0.11062761086670014,eicu,0.3651971538626816,,
los,physionet_a (val),pcl,44,R2,0.2518721724765758,2077,0.22283711421259367,physionet_b,0.029035058263982116,,
los,physionet_a (val),pcl,44,R2,0.2518721724765758,2077,-0.13226366265642064,mimic,0.38413583513299643,,
los,physionet_a (val),pcl,44,R2,0.2518721724765758,2077,-0.11160277976965993,eicu,0.3634749522462357,,
