between_to_within_ratio,criterion_has_within_signal,pooled_rho_mean,within_rho_mean
0.1,False,7.631257631257854e-05,-0.007861111111111107
0.1,True,-0.42583028083028085,-0.4378611111111111
0.3,False,0.07601800976800976,0.011305555555555555
0.3,True,-0.33770909645909647,-0.4179166666666667
1,False,0.3532600732600732,0.005180555555555554
1,True,-0.011631562881562883,-0.4405555555555556
3,False,0.6924435286935287,0.02313888888888889
3,True,0.5029242979242978,-0.44013888888888886
10,False,0.8271596459096461,0.011791666666666669
10,True,0.7305173992673991,-0.4522361111111111
30,False,0.8712225274725276,0.0035277777777777785
30,True,0.8082005494505495,-0.428625
