task,features,train,eval,metric,value,mae_hours,n
los,mask+length,pn_a_train,pn_a_val,R2,0.24424629149878652,6.2973988901338025,2077
los,mask+length,pn_a_train,pn_b,R2,0.2164098485890129,5.919707499388696,14779
los,mask+length,pn_a_train,mimic,R2,-0.11805359753181399,62.77568440186075,74607
los,mask+length,pn_a_train,eicu,R2,-0.10329332367323074,49.661669874008375,130446
los,length-only,pn_a_train,pn_a_val,R2,0.22203606487303873,6.0806864026019225,2077
los,length-only,pn_a_train,pn_b,R2,0.22892953341745892,5.9345105964397495,14779
los,length-only,pn_a_train,mimic,R2,-0.13955013013661888,63.72406856263663,74607
los,length-only,pn_a_train,eicu,R2,-0.1015642482510033,49.36251692199705,130446
mortality,mask+length,mimic_train,mimic_val,AUROC,0.8037760811011504,,14922
mortality,mask+length,mimic_train,eicu_zeroshot,AUROC,0.6541091476614271,,130446
mortality,length-only,mimic_train,mimic_val,AUROC,0.6303600600774668,,14922
mortality,length-only,mimic_train,eicu_zeroshot,AUROC,0.5424473938226192,,130446
mortality,mask+length,eicu_train,eicu_val,AUROC,0.763783265308813,,26090
mortality,mask+length,eicu_train,mimic_zeroshot,AUROC,0.7035286909664402,,74607
mortality,length-only,eicu_train,eicu_val,AUROC,0.5439739980004776,,26090
mortality,length-only,eicu_train,mimic_zeroshot,AUROC,0.6139599379639947,,74607
